mtllib ./th_05_27.mtl

g s0000.92935
usemtl 0.ReflectiveMaterial
usemap 0.ReflectiveMaterial
v 0.17839502 0.6051996 -0.0997754
v 0.1829314 0.5950009 -0.08583671
v 0.17932188 0.6048635 -0.10031762
v 0.18385764 0.5946669 -0.08638114
v 0.18040762 0.6050097 -0.10057434
v 0.18136132 0.60559876 -0.10047684
v 0.18649476 0.5962032 -0.08601397
v 0.18192736 0.60647304 -0.10005118
v 0.1819542 0.6073982 -0.09941147
v 0.18653376 0.5970997 -0.08533515
v 0.18143456 0.6081264 -0.09872908
v 0.1860215 0.5978101 -0.0846289
v 0.18050768 0.6084625 -0.09818688
v 0.179422 0.6083164 -0.09793015
v 0.17846832 0.6077273 -0.09802766
v 0.18303788 0.59745 -0.08398211
v 0.18245812 0.59660776 -0.08445161
v 0.17790222 0.60685304 -0.09845331
v 0.17787538 0.6059278 -0.09909303
v 0.18241912 0.5957113 -0.08513046
v 0.18494972 0.5947986 -0.08661788
v 0.18241912 0.5957113 -0.08513046
v 0.18241912 0.5957113 -0.08513046
v 0.18400314 0.59801244 -0.08384772
v 0.18509522 0.59814424 -0.08408446
v 0.18653376 0.5970997 -0.08533515
v 0.18400314 0.59801244 -0.08384772
v 0.185915 0.59536096 -0.08648348
v 0.18653376 0.5970997 -0.08533515
v 0.18400314 0.59801244 -0.08384772
v 0.18494972 0.5947986 -0.08661788
v 0.18241912 0.5957113 -0.08513046
v 0.17839502 0.6051996 -0.0997754
v 0.1829314 0.5950009 -0.08583671
v 0.18143456 0.6081264 -0.09872908
v 0.1860215 0.5978101 -0.0846289
v 0.18509522 0.59814424 -0.08408446
v 0.18241912 0.5957113 -0.08513046
v 0.17787538 0.6059278 -0.09909303
v 0.18385764 0.5946669 -0.08638114
v 0.1829314 0.5950009 -0.08583671
v 0.18245812 0.59660776 -0.08445161
v 0.18303788 0.59745 -0.08398211
v 0.18509522 0.59814424 -0.08408446
v 0.18509522 0.59814424 -0.08408446
v 0.1860215 0.5978101 -0.0846289
v 0.18653376 0.5970997 -0.08533515
v 0.18494972 0.5947986 -0.08661788
v 0.18649476 0.5962032 -0.08601397
v 0.18649476 0.5962032 -0.08601397
v 0.185915 0.59536096 -0.08648348
v 0.18494972 0.5947986 -0.08661788
v 0.18400314 0.59801244 -0.08384772
v 0.18653376 0.5970997 -0.08533515
v 0.18494972 0.5947986 -0.08661788
v 0.17787538 0.6059278 -0.09909303
v 0.17790222 0.60685304 -0.09845331
v 0.17181348 0.6206207 -0.11833424
v 0.1717868 0.61969376 -0.11897144
v 0.17846832 0.6077273 -0.09802766
v 0.17238444 0.62148476 -0.11789448
v 0.179422 0.6083164 -0.09793015
v 0.1733468 0.6220543 -0.11776992
v 0.18050768 0.6084625 -0.09818688
v 0.17444262 0.6221769 -0.117994
v 0.18143456 0.6081264 -0.09872908
v 0.1753783 0.6218195 -0.11850664
v 0.1819542 0.6073982 -0.09941147
v 0.17590312 0.62107804 -0.1191705
v 0.18192736 0.60647304 -0.10005118
v 0.17587648 0.6201511 -0.11980766
v 0.18136132 0.60559876 -0.10047684
v 0.17530548 0.61928704 -0.12024746
v 0.18040762 0.6050097 -0.10057434
v 0.17434312 0.61871756 -0.12037199
v 0.17932188 0.6048635 -0.10031762
v 0.17324732 0.61859496 -0.12014792
v 0.17839502 0.6051996 -0.0997754
v 0.17231164 0.61895224 -0.11963528
v 0.1717868 0.61969376 -0.11897144
v 0.17787538 0.6059278 -0.09909303
v 0.1717868 0.61969376 -0.11897144
v 0.17181348 0.6206207 -0.11833424
v 0.16637269 0.6347203 -0.13813589
v 0.16633975 0.6338114 -0.13879824
v 0.17238444 0.62148476 -0.11789448
v 0.16695235 0.6355603 -0.13766222
v 0.1733468 0.6220543 -0.11776992
v 0.16792336 0.63610644 -0.13750419
v 0.17444262 0.6221769 -0.117994
v 0.16902556 0.6362121 -0.13770408
v 0.1753783 0.6218195 -0.11850664
v 0.16996368 0.6358493 -0.13820838
v 0.17590312 0.62107804 -0.1191705
v 0.17048624 0.63511504 -0.13888194
v 0.17587648 0.6201511 -0.11980766
v 0.1704533 0.63420604 -0.1395443
v 0.17530548 0.61928704 -0.12024746
v 0.16987364 0.6333661 -0.14001798
v 0.17434312 0.61871756 -0.12037199
v 0.16890264 0.63282004 -0.14017601
v 0.17324732 0.61859496 -0.12014792
v 0.16780044 0.6327143 -0.13997612
v 0.17231164 0.61895224 -0.11963528
v 0.16686235 0.6330771 -0.13947181
v 0.16633975 0.6338114 -0.13879824
v 0.1717868 0.61969376 -0.11897144
v 0.16633975 0.6338114 -0.13879824
v 0.16637269 0.6347203 -0.13813589
v 0.16486024 0.6402658 -0.14544552
v 0.16482664 0.63938376 -0.14614315
v 0.16695235 0.6355603 -0.13766222
v 0.1654489 0.641051 -0.14489518
v 0.16792336 0.63610644 -0.13750419
v 0.16643498 0.641529 -0.1446396
v 0.16902556 0.6362121 -0.13770408
v 0.16755419 0.6415715 -0.14474726
v 0.16996368 0.6358493 -0.13820838
v 0.16850664 0.6411674 -0.14518936
v 0.17048624 0.63511504 -0.13888194
v 0.16903718 0.64042476 -0.14584738
v 0.1704533 0.63420604 -0.1395443
v 0.1690036 0.63954256 -0.14654502
v 0.16987364 0.6333661 -0.14001798
v 0.16841488 0.6387574 -0.14709535
v 0.16890264 0.63282004 -0.14017601
v 0.16742882 0.6382795 -0.14735092
v 0.16780044 0.6327143 -0.13997612
v 0.1663096 0.63823696 -0.14724326
v 0.16686235 0.6330771 -0.13947181
v 0.16535712 0.63864104 -0.14680118
v 0.16482664 0.63938376 -0.14614315
v 0.16633975 0.6338114 -0.13879824
v 0.16482664 0.63938376 -0.14614315
v 0.16486024 0.6402658 -0.14544552
v 0.16471169 0.64306124 -0.14885712
v 0.16468735 0.6422114 -0.14959425
v 0.1654489 0.641051 -0.14489518
v 0.1652944 0.6437683 -0.14820415
v 0.16643498 0.641529 -0.1446396
v 0.16627939 0.6441434 -0.1478102
v 0.16755419 0.6415715 -0.14474726
v 0.16740272 0.64408576 -0.1477809
v 0.16850664 0.6411674 -0.14518936
v 0.1683634 0.6436111 -0.14812408
v 0.16903718 0.64042476 -0.14584738
v 0.16890394 0.64284656 -0.1487478
v 0.1690036 0.63954256 -0.14654502
v 0.16887968 0.6419968 -0.14948488
v 0.16841488 0.6387574 -0.14709535
v 0.16829694 0.6412896 -0.1501379
v 0.16742882 0.6382795 -0.14735092
v 0.16731194 0.6409146 -0.15053185
v 0.1663096 0.63823696 -0.14724326
v 0.1661886 0.6409722 -0.15056114
v 0.16535712 0.63864104 -0.14680118
v 0.16522795 0.6414468 -0.15021795
v 0.16468735 0.6422114 -0.14959425
v 0.16482664 0.63938376 -0.14614315
v 0.16468735 0.6422114 -0.14959425
v 0.16471169 0.64306124 -0.14885712
v 0.16526711 0.6454418 -0.15151602
v 0.16526514 0.6446288 -0.15229385
v 0.1652944 0.6437683 -0.14820415
v 0.16581076 0.6460406 -0.15073394
v 0.16627939 0.6441434 -0.1478102
v 0.1667504 0.6462651 -0.1501571
v 0.16740272 0.64408576 -0.1477809
v 0.16783424 0.64605476 -0.14994012
v 0.1683634 0.6436111 -0.14812408
v 0.1687719 0.6454663 -0.15014106
v 0.16890394 0.64284656 -0.1487478
v 0.16931212 0.6446571 -0.15070619
v 0.16887968 0.6419968 -0.14948488
v 0.16931016 0.6438441 -0.151484
v 0.16829694 0.6412896 -0.1501379
v 0.1687665 0.64324524 -0.15226611
v 0.16731194 0.6409146 -0.15053185
v 0.16782688 0.6430207 -0.15284295
v 0.1661886 0.6409722 -0.15056114
v 0.16674302 0.64323096 -0.15305994
v 0.16522795 0.6414468 -0.15021795
v 0.16580535 0.6438195 -0.15285898
v 0.16526514 0.6446288 -0.15229385
v 0.16468735 0.6422114 -0.14959425
v 0.16526514 0.6446288 -0.15229385
v 0.16526711 0.6454418 -0.15151602
v 0.16643435 0.64751444 -0.1536128
v 0.166454 0.6467276 -0.15441686
v 0.16581076 0.6460406 -0.15073394
v 0.16691601 0.6480159 -0.15272818
v 0.1667504 0.6462651 -0.1501571
v 0.16776998 0.6480976 -0.15200012
v 0.16783424 0.64605476 -0.14994012
v 0.1687674 0.6477379 -0.15162365
v 0.1687719 0.6454663 -0.15014106
v 0.16964102 0.647033 -0.15169965
v 0.16931212 0.6446571 -0.15070619
v 0.17015674 0.6461716 -0.1522078
v 0.16931016 0.6438441 -0.151484
v 0.17017638 0.6453849 -0.1530119
v 0.1687665 0.64324524 -0.15226611
v 0.16969472 0.6448834 -0.15389648
v 0.16782688 0.6430207 -0.15284295
v 0.16884078 0.6448016 -0.15462452
v 0.16674302 0.64323096 -0.15305994
v 0.16784336 0.6451614 -0.15500099
v 0.16580535 0.6438195 -0.15285898
v 0.16696972 0.6458664 -0.15492499
v 0.166454 0.6467276 -0.15441686
v 0.16526514 0.6446288 -0.15229385
v 0.166454 0.6467276 -0.15441686
v 0.16643435 0.64751444 -0.1536128
v 0.16817296 0.6494705 -0.15538501
v 0.16821768 0.64871524 -0.15621778
v 0.16691601 0.6480159 -0.15272818
v 0.16856984 0.649873 -0.15441212
v 0.16776998 0.6480976 -0.15200012
v 0.16930204 0.6498145 -0.15355978
v 0.1687674 0.6477379 -0.15162365
v 0.17017336 0.6493111 -0.15305638
v 0.16964102 0.647033 -0.15169965
v 0.17095032 0.6484976 -0.15303676
v 0.17015674 0.6461716 -0.1522078
v 0.17142468 0.6475918 -0.15350624
v 0.17017638 0.6453849 -0.1530119
v 0.17146944 0.6468365 -0.15433898
v 0.16969472 0.6448834 -0.15389648
v 0.17107256 0.64643404 -0.15531188
v 0.16884078 0.6448016 -0.15462452
v 0.17034036 0.64649244 -0.1561642
v 0.16784336 0.6451614 -0.15500099
v 0.16946906 0.64699576 -0.15666765
v 0.16696972 0.6458664 -0.15492499
v 0.16869212 0.64780944 -0.15668725
v 0.16821768 0.64871524 -0.15621778
v 0.166454 0.6467276 -0.15441686
v 0.16821768 0.64871524 -0.15621778
v 0.16817296 0.6494705 -0.15538501
v 0.17041476 0.6512468 -0.15674248
v 0.17050036 0.6505307 -0.15760608
v 0.16856984 0.649873 -0.15441212
v 0.17069282 0.65154696 -0.15569435
v 0.16930204 0.6498145 -0.15355978
v 0.17126006 0.651351 -0.15474262
v 0.17017336 0.6493111 -0.15305638
v 0.17196444 0.6507111 -0.15414224
v 0.17095032 0.6484976 -0.15303676
v 0.17261732 0.6497989 -0.15405414
v 0.17142468 0.6475918 -0.15350624
v 0.17304364 0.64885896 -0.15450186
v 0.17146944 0.6468365 -0.15433898
v 0.17312928 0.6481428 -0.15536549
v 0.17107256 0.64643404 -0.15531188
v 0.17285118 0.6478426 -0.1564136
v 0.17034036 0.64649244 -0.1561642
v 0.17228398 0.6480386 -0.15736535
v 0.16946906 0.64699576 -0.15666765
v 0.17157956 0.6486785 -0.15796572
v 0.16869212 0.64780944 -0.15668725
v 0.1709267 0.6495907 -0.15805382
v 0.17050036 0.6505307 -0.15760608
v 0.16821768 0.64871524 -0.15621778
v 0.17050036 0.6505307 -0.15760608
v 0.17041476 0.6512468 -0.15674248
v 0.17306382 0.65276296 -0.15759178
v 0.17321236 0.652085 -0.15847739
v 0.17069282 0.65154696 -0.15569435
v 0.17318624 0.6529715 -0.1564929
v 0.17126006 0.651351 -0.15474262
v 0.17354676 0.65265476 -0.15547519
v 0.17196444 0.6507111 -0.15414224
v 0.17404878 0.6518975 -0.15481138
v 0.17261732 0.6497989 -0.15405414
v 0.17455782 0.65090276 -0.1546793
v 0.17304364 0.64885896 -0.15450186
v 0.17493748 0.6499371 -0.15511431
v 0.17312928 0.6481428 -0.15536549
v 0.175086 0.6492592 -0.15599992
v 0.17285118 0.6478426 -0.1564136
v 0.17496362 0.64905076 -0.15709878
v 0.17228398 0.6480386 -0.15736535
v 0.17460312 0.64936744 -0.15811651
v 0.17157956 0.6486785 -0.15796572
v 0.17410106 0.6501246 -0.15878032
v 0.1709267 0.6495907 -0.15805382
v 0.173592 0.6511193 -0.1589124
v 0.17321236 0.652085 -0.15847739
v 0.17050036 0.6505307 -0.15760608
v 0.17321236 0.652085 -0.15847739
v 0.17306382 0.65276296 -0.15759178
v 0.17596924 0.65394444 -0.15789955
v 0.17618174 0.65328756 -0.15878794
v 0.17318624 0.6529715 -0.1564929
v 0.17593038 0.6540937 -0.15678499
v 0.17354676 0.65265476 -0.15547519
v 0.17607564 0.6536949 -0.15574289
v 0.17404878 0.6518975 -0.15481138
v 0.1763661 0.65285524 -0.15505249
v 0.17455782 0.65090276 -0.1546793
v 0.17672384 0.6517996 -0.15489878
v 0.17493748 0.6499371 -0.15511431
v 0.17705312 0.6508109 -0.15532298
v 0.175086 0.6492592 -0.15599992
v 0.17726562 0.6501539 -0.15621138
v 0.17496362 0.64905076 -0.15709878
v 0.17730444 0.6500049 -0.15732592
v 0.17460312 0.64936744 -0.15811651
v 0.17715918 0.6504035 -0.15836801
v 0.17410106 0.6501246 -0.15878032
v 0.17686876 0.6512432 -0.1590584
v 0.173592 0.6511193 -0.1589124
v 0.17651098 0.6522989 -0.1592121
v 0.17618174 0.65328756 -0.15878794
v 0.17321236 0.652085 -0.15847739
v 0.17618174 0.65328756 -0.15878794
v 0.17596924 0.65394444 -0.15789955
v 0.1790036 0.65475296 -0.15769311
v 0.17927152 0.65410276 -0.1585713
v 0.17593038 0.6540937 -0.15678499
v 0.17880812 0.6548705 -0.15659131
v 0.17607564 0.6536949 -0.15574289
v 0.17873752 0.6544235 -0.1555611
v 0.1763661 0.65285524 -0.15505249
v 0.17881064 0.653532 -0.15487852
v 0.17672384 0.6517996 -0.15489878
v 0.17900798 0.65243476 -0.15472651
v 0.17705312 0.6508109 -0.15532298
v 0.1792766 0.65142576 -0.15514578
v 0.17726562 0.6501539 -0.15621138
v 0.17954452 0.65077544 -0.15602398
v 0.17730444 0.6500049 -0.15732592
v 0.17974 0.650658 -0.15712578
v 0.17715918 0.6504035 -0.15836801
v 0.17981062 0.6511049 -0.15815598
v 0.17686876 0.6512432 -0.1590584
v 0.17973748 0.6519965 -0.15883852
v 0.17651098 0.6522989 -0.1592121
v 0.17954014 0.65309376 -0.15899055
v 0.17927152 0.65410276 -0.1585713
v 0.17618174 0.65328756 -0.15878794
v 0.17927152 0.65410276 -0.1585713
v 0.1790036 0.65475296 -0.15769311
v 0.18206178 0.655147 -0.15698052
v 0.18237664 0.65449656 -0.15784298
v 0.17880812 0.6548705 -0.15659131
v 0.18171268 0.6552522 -0.15591611
v 0.17873752 0.6544235 -0.1555611
v 0.18142288 0.65478404 -0.15493482
v 0.17881064 0.653532 -0.15487852
v 0.18127002 0.65386796 -0.15429969
v 0.17900798 0.65243476 -0.15472651
v 0.1812951 0.6527495 -0.15418081
v 0.1792766 0.65142576 -0.15514578
v 0.18149138 0.65172804 -0.15461011
v 0.17954452 0.65077544 -0.15602398
v 0.18180622 0.6510776 -0.15547251
v 0.17974 0.650658 -0.15712578
v 0.1821553 0.65097244 -0.15653698
v 0.17981062 0.6511049 -0.15815598
v 0.18244508 0.65144056 -0.15751825
v 0.17973748 0.6519965 -0.15883852
v 0.18259796 0.6523566 -0.1581534
v 0.17954014 0.65309376 -0.15899055
v 0.18257288 0.6534753 -0.15827226
v 0.18237664 0.65449656 -0.15784298
v 0.17927152 0.65410276 -0.1585713
v 0.18237664 0.65449656 -0.15784298
v 0.18206178 0.655147 -0.15698052
v 0.18502184 0.655066 -0.15573178
v 0.18539184 0.654414 -0.15657069
v 0.18171268 0.6552522 -0.15591611
v 0.1845043 0.65517624 -0.15473876
v 0.18142288 0.65478404 -0.15493482
v 0.18397796 0.6547149 -0.15385776
v 0.18127002 0.65386796 -0.15429969
v 0.18358382 0.6538056 -0.15332486
v 0.1812951 0.6527495 -0.15418081
v 0.18342744 0.6526921 -0.15328282
v 0.18149138 0.65172804 -0.15461011
v 0.1835508 0.6516729 -0.15374289
v 0.18180622 0.6510776 -0.15547251
v 0.1839208 0.65102076 -0.15458185
v 0.1821553 0.65097244 -0.15653698
v 0.18443832 0.6509106 -0.15557481
v 0.18244508 0.65144056 -0.15751825
v 0.18496468 0.651372 -0.15645581
v 0.18259796 0.6523566 -0.1581534
v 0.18535882 0.65228124 -0.15698872
v 0.18257288 0.6534753 -0.15827226
v 0.18551518 0.65339476 -0.15703076
v 0.18539184 0.654414 -0.15657069
v 0.18237664 0.65449656 -0.15784298
v 0.18539184 0.654414 -0.15657069
v 0.18502184 0.655066 -0.15573178
v 0.18763768 0.6544838 -0.15397835
v 0.18806764 0.653824 -0.15478195
v 0.1845043 0.65517624 -0.15473876
v 0.18696078 0.6546228 -0.15309039
v 0.18397796 0.6547149 -0.15385776
v 0.18621832 0.6542039 -0.15235602
v 0.18358382 0.6538056 -0.15332486
v 0.18560922 0.6533393 -0.151972
v 0.18342744 0.6526921 -0.15328282
v 0.18529676 0.6522606 -0.1520412
v 0.1835508 0.6516729 -0.15374289
v 0.18536456 0.65125696 -0.15254515
v 0.1839208 0.65102076 -0.15458185
v 0.18579456 0.6505972 -0.15334874
v 0.18443832 0.6509106 -0.15557481
v 0.18647144 0.65045804 -0.15423669
v 0.18496468 0.651372 -0.15645581
v 0.1872139 0.650877 -0.15497108
v 0.18535882 0.65228124 -0.15698872
v 0.187823 0.6517416 -0.1553551
v 0.18551518 0.65339476 -0.15703076
v 0.1881355 0.6528203 -0.15528586
v 0.18806764 0.653824 -0.15478195
v 0.18539184 0.654414 -0.15657069
v 0.18806764 0.653824 -0.15478195
v 0.18763768 0.6544838 -0.15397835
v 0.18975108 0.6534934 -0.15188149
v 0.19023132 0.65281844 -0.1526431
v 0.18696078 0.6546228 -0.15309039
v 0.18895482 0.6536789 -0.15110851
v 0.18621832 0.6542039 -0.15235602
v 0.18805588 0.6533257 -0.15053126
v 0.18560922 0.6533393 -0.151972
v 0.18729516 0.6525282 -0.15030444
v 0.18529676 0.6522606 -0.1520412
v 0.18687648 0.65150024 -0.15048876
v 0.18536456 0.65125696 -0.15254515
v 0.18691204 0.6505172 -0.1510349
v 0.18579456 0.6505972 -0.15334874
v 0.18739228 0.6498425 -0.15179649
v 0.18647144 0.65045804 -0.15423669
v 0.18818856 0.6496568 -0.15256948
v 0.1872139 0.650877 -0.15497108
v 0.1890875 0.65001004 -0.15314674
v 0.187823 0.6517416 -0.1553551
v 0.1898482 0.6508075 -0.15337355
v 0.1881355 0.6528203 -0.15528586
v 0.19026688 0.6518355 -0.1531892
v 0.19023132 0.65281844 -0.1526431
v 0.18806764 0.653824 -0.15478195
v 0.19023132 0.65281844 -0.1526431
v 0.18975108 0.6534934 -0.15188149
v 0.19182742 0.65178444 -0.14884436
v 0.19234826 0.6510884 -0.14955861
v 0.18895482 0.6536789 -0.15110851
v 0.19094338 0.6520295 -0.14819289
v 0.18805588 0.6533257 -0.15053126
v 0.189933 0.6517579 -0.14777881
v 0.18729516 0.6525282 -0.15030444
v 0.18906706 0.65104256 -0.14771308
v 0.18687648 0.65150024 -0.15048876
v 0.18857752 0.65007496 -0.14801324
v 0.18691204 0.6505172 -0.1510349
v 0.1885956 0.6491144 -0.1485989
v 0.18739228 0.6498425 -0.15179649
v 0.18911644 0.6484184 -0.14931315
v 0.18818856 0.6496568 -0.15256948
v 0.1900005 0.64817324 -0.1499646
v 0.1890875 0.65001004 -0.15314674
v 0.19101088 0.6484449 -0.15037869
v 0.1898482 0.6508075 -0.15337355
v 0.19187684 0.64916024 -0.15044445
v 0.19026688 0.6518355 -0.1531892
v 0.19236638 0.6501279 -0.15014428
v 0.19234826 0.6510884 -0.14955861
v 0.19023132 0.65281844 -0.1526431
v 0.19234826 0.6510884 -0.14955861
v 0.19182742 0.65178444 -0.14884436
v 0.19397032 0.6489568 -0.14429969
v 0.19451538 0.6482459 -0.14498045
v 0.19094338 0.6520295 -0.14819289
v 0.19304094 0.6492456 -0.14373502
v 0.189933 0.6517579 -0.14777881
v 0.19197636 0.64903504 -0.14343778
v 0.18906706 0.65104256 -0.14771308
v 0.19106178 0.64838144 -0.14348756
v 0.18857752 0.65007496 -0.14801324
v 0.19054232 0.64746004 -0.1438711
v 0.1885956 0.6491144 -0.1485989
v 0.19055706 0.6465176 -0.14448556
v 0.18911644 0.6484184 -0.14931315
v 0.19110218 0.6458068 -0.14516632
v 0.1900005 0.64817324 -0.1499646
v 0.19203156 0.6455179 -0.14573098
v 0.19101088 0.6484449 -0.15037869
v 0.19309612 0.6457285 -0.14602826
v 0.19187684 0.64916024 -0.15044445
v 0.19401072 0.64638204 -0.14597845
v 0.19236638 0.6501279 -0.15014428
v 0.19453018 0.6473035 -0.14559492
v 0.19451538 0.6482459 -0.14498045
v 0.19234826 0.6510884 -0.14955861
v 0.19451538 0.6482459 -0.14498045
v 0.19397032 0.6489568 -0.14429969
v 0.1973551 0.642467 -0.13452049
v 0.19792102 0.64175704 -0.13518501
v 0.19304094 0.6492456 -0.14373502
v 0.19640056 0.6427705 -0.13400794
v 0.19197636 0.64903504 -0.14343778
v 0.19531324 0.6425864 -0.13378472
v 0.19106178 0.64838144 -0.14348756
v 0.1943844 0.6419639 -0.13391064
v 0.19054232 0.64746004 -0.1438711
v 0.19386304 0.6410699 -0.13435194
v 0.19055706 0.6465176 -0.14448556
v 0.19388874 0.64014376 -0.1349904
v 0.19110218 0.6458068 -0.14516632
v 0.19445468 0.6394338 -0.13565492
v 0.19203156 0.6455179 -0.14573098
v 0.1954092 0.6391301 -0.13616748
v 0.19309612 0.6457285 -0.14602826
v 0.19649656 0.63931424 -0.1363907
v 0.19401072 0.64638204 -0.14597845
v 0.19742538 0.6399368 -0.13626478
v 0.19453018 0.6473035 -0.14559492
v 0.19794676 0.64083096 -0.13582349
v 0.19792102 0.64175704 -0.13518501
v 0.19451538 0.6482459 -0.14498045
v 0.19792102 0.64175704 -0.13518501
v 0.1973551 0.642467 -0.13452049
v 0.20638772 0.6224175 -0.10540295
v 0.20698506 0.6217336 -0.10606732
v 0.19640056 0.6427705 -0.13400794
v 0.20541368 0.6226921 -0.10491112
v 0.19531324 0.6425864 -0.13378472
v 0.20432398 0.6224836 -0.10472362
v 0.1943844 0.6419639 -0.13391064
v 0.20341056 0.6218482 -0.10489068
v 0.19386304 0.6410699 -0.13435194
v 0.2029182 0.6209559 -0.10536752
v 0.19388874 0.64014376 -0.1349904
v 0.20297882 0.6200459 -0.10602641
v 0.19445468 0.6394338 -0.13565492
v 0.20357618 0.61936196 -0.10669078
v 0.1954092 0.6391301 -0.13616748
v 0.20455024 0.61908744 -0.10718261
v 0.19649656 0.63931424 -0.1363907
v 0.20563994 0.6192959 -0.10737011
v 0.19742538 0.6399368 -0.13626478
v 0.20655336 0.6199313 -0.10720305
v 0.19794676 0.64083096 -0.13582349
v 0.2070457 0.6208236 -0.10672618
v 0.20698506 0.6217336 -0.10606732
v 0.19792102 0.64175704 -0.13518501
v 0.20698506 0.6217336 -0.10606732
v 0.20638772 0.6224175 -0.10540295
v 0.21375504 0.6045128 -0.080631496
v 0.21435652 0.6038451 -0.08130853
v 0.20541368 0.6226921 -0.10491112
v 0.2127769 0.60477824 -0.08014289
v 0.20432398 0.6224836 -0.10472362
v 0.2116841 0.6045703 -0.07997364
v 0.20341056 0.6218482 -0.10489068
v 0.21076952 0.60394476 -0.08016913
v 0.2029182 0.6209559 -0.10536752
v 0.2102782 0.6030691 -0.080676944
v 0.20297882 0.6200459 -0.10602641
v 0.2103418 0.60217804 -0.08136101
v 0.20357618 0.61936196 -0.10669078
v 0.21094324 0.6015103 -0.082038056
v 0.20455024 0.61908744 -0.10718261
v 0.2119214 0.60124496 -0.082526672
v 0.20563994 0.6192959 -0.10737011
v 0.21301422 0.6014529 -0.082695904
v 0.20655336 0.6199313 -0.10720305
v 0.21392876 0.60207844 -0.08250043
v 0.2070457 0.6208236 -0.10672618
v 0.21442012 0.6029541 -0.08199262
v 0.21435652 0.6038451 -0.08130853
v 0.20698506 0.6217336 -0.10606732
v 0.21435652 0.6038451 -0.08130853
v 0.21375504 0.6045128 -0.080631496
v 0.21752648 0.59456024 -0.067796256
v 0.21809102 0.5938755 -0.068487808
v 0.2127769 0.60477824 -0.08014289
v 0.21656278 0.59487156 -0.067306
v 0.2116841 0.6045703 -0.07997364
v 0.21545822 0.5947261 -0.06714843
v 0.21076952 0.60394476 -0.08016913
v 0.21450876 0.5941629 -0.06736571
v 0.2102782 0.6030691 -0.080676944
v 0.21396878 0.59333256 -0.067899656
v 0.2103418 0.60217804 -0.08136101
v 0.213983 0.5924579 -0.0686072
v 0.21094324 0.6015103 -0.082038056
v 0.21454758 0.59177304 -0.069298752
v 0.2119214 0.60124496 -0.082526672
v 0.21551128 0.59146176 -0.069789
v 0.21301422 0.6014529 -0.082695904
v 0.2166158 0.5916071 -0.069946592
v 0.21392876 0.60207844 -0.08250043
v 0.2175653 0.5921705 -0.069729304
v 0.21442012 0.6029541 -0.08199262
v 0.21810528 0.59300076 -0.06919536
v 0.21809102 0.5938755 -0.068487808
v 0.21435652 0.6038451 -0.08130853
v 0.21809102 0.5938755 -0.068487808
v 0.21752648 0.59456024 -0.067796256
v 0.21852264 0.5902712 -0.062710744
v 0.21906852 0.58955656 -0.06338697
v 0.21656278 0.59487156 -0.067306
v 0.21755956 0.59066176 -0.06227963
v 0.21545822 0.5947261 -0.06714843
v 0.21643722 0.5906235 -0.06220916
v 0.21450876 0.5941629 -0.06736571
v 0.2154564 0.59016696 -0.06251821
v 0.21396878 0.59333256 -0.067899656
v 0.2148799 0.5894141 -0.06312397
v 0.213983 0.5924579 -0.0686072
v 0.2148622 0.5885669 -0.06386414
v 0.21454758 0.59177304 -0.069298752
v 0.21540802 0.5878523 -0.064540376
v 0.21551128 0.59146176 -0.069789
v 0.21637112 0.5874617 -0.064971476
v 0.2166158 0.5916071 -0.069946592
v 0.21749344 0.58749996 -0.06504195
v 0.2175653 0.5921705 -0.069729304
v 0.2184743 0.5879565 -0.064732904
v 0.21810528 0.59300076 -0.06919536
v 0.21905078 0.5887093 -0.06412714
v 0.21906852 0.58955656 -0.06338697
v 0.21809102 0.5938755 -0.068487808
v 0.21906852 0.58955656 -0.06338697
v 0.21852264 0.5902712 -0.062710744
v 0.21844652 0.58752496 -0.05974285
v 0.21898536 0.58677056 -0.06038051
v 0.21755956 0.59066176 -0.06227963
v 0.2174919 0.5880307 -0.059428404
v 0.21643722 0.5906235 -0.06220916
v 0.21637718 0.58815224 -0.05952144
v 0.2154564 0.59016696 -0.06251821
v 0.21540108 0.5878571 -0.05999701
v 0.2148799 0.5894141 -0.06312397
v 0.21482516 0.5872244 -0.06072771
v 0.2148622 0.5885669 -0.06386414
v 0.21480372 0.58642344 -0.06151774
v 0.21540802 0.5878523 -0.064540376
v 0.2153425 0.5856691 -0.0621554
v 0.21637112 0.5874617 -0.064971476
v 0.21629716 0.5851635 -0.062469844
v 0.21749344 0.58749996 -0.06504195
v 0.21741184 0.5850419 -0.062376804
v 0.2184743 0.5879565 -0.064732904
v 0.21838798 0.58533696 -0.061901244
v 0.21905078 0.5887093 -0.06412714
v 0.2189639 0.58596976 -0.06117054
v 0.21898536 0.58677056 -0.06038051
v 0.21906852 0.58955656 -0.06338697
v 0.21898536 0.58677056 -0.06038051
v 0.21844652 0.58752496 -0.05974285
v 0.21775436 0.58560476 -0.05787883
v 0.21828464 0.58480276 -0.05846316
v 0.2174919 0.5880307 -0.059428404
v 0.21684378 0.5862421 -0.05770371
v 0.21637718 0.58815224 -0.05952144
v 0.21579688 0.5865438 -0.05798474
v 0.21540108 0.5878571 -0.05999701
v 0.2148942 0.5864293 -0.058646596
v 0.21482516 0.5872244 -0.06072771
v 0.21437762 0.585929 -0.05951195
v 0.21480372 0.58642344 -0.06151774
v 0.21438552 0.5851771 -0.06034893
v 0.2153425 0.5856691 -0.0621554
v 0.2149158 0.58437504 -0.06093326
v 0.21629716 0.5851635 -0.062469844
v 0.2158264 0.5837378 -0.061108396
v 0.21741184 0.5850419 -0.062376804
v 0.2168733 0.583436 -0.06082736
v 0.21838798 0.58533696 -0.061901244
v 0.21777596 0.5835507 -0.0601655
v 0.2189639 0.58596976 -0.06117054
v 0.21829258 0.5840509 -0.05930014
v 0.21828464 0.58480276 -0.05846316
v 0.21898536 0.58677056 -0.06038051
v 0.21828464 0.58480276 -0.05846316
v 0.21775436 0.58560476 -0.05787883
v 0.21661452 0.5840712 -0.056571724
v 0.21711828 0.5832112 -0.0570937
v 0.21684378 0.5862421 -0.05770371
v 0.21580132 0.584848 -0.056536056
v 0.21579688 0.5865438 -0.05798474
v 0.21489648 0.58533324 -0.05699626
v 0.2148942 0.5864293 -0.058646596
v 0.21414252 0.58539724 -0.05782901
v 0.21437762 0.585929 -0.05951195
v 0.21374148 0.58502244 -0.058811196
v 0.21438552 0.5851771 -0.06034893
v 0.21380076 0.58430956 -0.05967963
v 0.2149158 0.58437504 -0.06093326
v 0.21430448 0.58344944 -0.060201604
v 0.2158264 0.5837378 -0.061108396
v 0.21511764 0.5826726 -0.060237276
v 0.2168733 0.583436 -0.06082736
v 0.21602248 0.58218744 -0.059777076
v 0.21777596 0.5835507 -0.0601655
v 0.21677644 0.5821235 -0.05894432
v 0.21829258 0.5840509 -0.05930014
v 0.21717752 0.58249824 -0.05796213
v 0.21711828 0.5832112 -0.0570937
v 0.21828464 0.58480276 -0.05846316
v 0.21711828 0.5832112 -0.0570937
v 0.21661452 0.5840712 -0.056571724
v 0.21501212 0.5827363 -0.05562801
v 0.21546096 0.5818157 -0.05609421
v 0.21580132 0.584848 -0.056536056
v 0.21434556 0.5836396 -0.055701756
v 0.21489648 0.58533324 -0.05699626
v 0.21363984 0.58428404 -0.056295644
v 0.21414252 0.58539724 -0.05782901
v 0.21308402 0.5844968 -0.05725056
v 0.21374148 0.58502244 -0.058811196
v 0.21282712 0.58422076 -0.058310644
v 0.21380076 0.58430956 -0.05967963
v 0.2129379 0.58353 -0.059191824
v 0.21430448 0.58344944 -0.060201604
v 0.2133867 0.58260956 -0.05965801
v 0.21511764 0.5826726 -0.060237276
v 0.21405322 0.58170604 -0.05958428
v 0.21602248 0.58218744 -0.059777076
v 0.21475898 0.5810616 -0.05899039
v 0.21677644 0.5821235 -0.05894432
v 0.21531478 0.580849 -0.05803547
v 0.21717752 0.58249824 -0.05796213
v 0.2155717 0.581125 -0.05697539
v 0.21546096 0.5818157 -0.05609421
v 0.21711828 0.5832112 -0.0570937
v 0.21546096 0.5818157 -0.05609421
v 0.21501212 0.5827363 -0.05562801
v 0.21274262 0.5814476 -0.05495274
v 0.21311512 0.58048 -0.05538943
v 0.21434556 0.5836396 -0.055701756
v 0.2122428 0.58244724 -0.055083496
v 0.21363984 0.58428404 -0.056295644
v 0.21174964 0.58321076 -0.055746676
v 0.21308402 0.5844968 -0.05725056
v 0.21139528 0.5835337 -0.05676456
v 0.21282712 0.58422076 -0.058310644
v 0.2112746 0.5833296 -0.05786445
v 0.2129379 0.58353 -0.059191824
v 0.21142002 0.58265304 -0.058751596
v 0.2133867 0.58260956 -0.05965801
v 0.21179252 0.58168524 -0.0591883
v 0.21405322 0.58170604 -0.05958428
v 0.21229236 0.58068576 -0.059057544
v 0.21475898 0.5810616 -0.05899039
v 0.2127855 0.5799222 -0.05839436
v 0.21531478 0.580849 -0.05803547
v 0.21313988 0.5795992 -0.05737646
v 0.2155717 0.581125 -0.05697539
v 0.21326056 0.57980344 -0.05627659
v 0.21311512 0.58048 -0.05538943
v 0.21546096 0.5818157 -0.05609421
v 0.21311512 0.58048 -0.05538943
v 0.21274262 0.5814476 -0.05495274
v 0.2098539 0.5802889 -0.054647576
v 0.21015868 0.5793007 -0.05509074
v 0.2122428 0.58244724 -0.055083496
v 0.20951052 0.5813521 -0.054780724
v 0.21174964 0.58321076 -0.055746676
v 0.2092206 0.58220524 -0.055454496
v 0.21139528 0.5835337 -0.05676456
v 0.20906172 0.58261996 -0.05648836
v 0.2112746 0.5833296 -0.05786445
v 0.20907652 0.5824849 -0.057605296
v 0.21142002 0.58265304 -0.058751596
v 0.20926098 0.5818363 -0.058506004
v 0.21179252 0.58168524 -0.0591883
v 0.20956576 0.5808481 -0.05894916
v 0.21229236 0.58068576 -0.059057544
v 0.20990916 0.5797849 -0.058816004
v 0.2127855 0.5799222 -0.05839436
v 0.2101991 0.57893176 -0.05814224
v 0.21313988 0.5795992 -0.05737646
v 0.21035798 0.578517 -0.057108376
v 0.21326056 0.57980344 -0.05627659
v 0.21034316 0.5786521 -0.05599145
v 0.21015868 0.5793007 -0.05509074
v 0.21311512 0.58048 -0.05538943
v 0.21015868 0.5793007 -0.05509074
v 0.2098539 0.5802889 -0.054647576
v 0.20634944 0.5793457 -0.05487808
v 0.20661024 0.5783579 -0.05534943
v 0.20951052 0.5813521 -0.054780724
v 0.20615302 0.58044944 -0.05497387
v 0.2092206 0.58220524 -0.055454496
v 0.20607362 0.58137344 -0.05561113
v 0.20906172 0.58261996 -0.05648836
v 0.20613248 0.5818699 -0.0566191
v 0.20907652 0.5824849 -0.057605296
v 0.20631388 0.58180596 -0.05772771
v 0.20926098 0.5818363 -0.058506004
v 0.20656914 0.5811988 -0.0586399
v 0.20956576 0.5808481 -0.05894916
v 0.20682992 0.580211 -0.059111256
v 0.20990916 0.5797849 -0.058816004
v 0.20702636 0.5791074 -0.05901546
v 0.2101991 0.57893176 -0.05814224
v 0.20710578 0.5781834 -0.05837821
v 0.21035798 0.578517 -0.057108376
v 0.20704688 0.5776868 -0.057370224
v 0.21034316 0.5786521 -0.05599145
v 0.20686552 0.57775076 -0.05626162
v 0.20661024 0.5783579 -0.05534943
v 0.21015868 0.5793007 -0.05509074
v 0.20661024 0.5783579 -0.05534943
v 0.20634944 0.5793457 -0.05487808
v 0.20328138 0.5789002 -0.055631176
v 0.20351962 0.5779163 -0.056122256
v 0.20615302 0.58044944 -0.05497387
v 0.20321906 0.5800227 -0.055677724
v 0.20607362 0.58137344 -0.05561113
v 0.20334948 0.580983 -0.056249424
v 0.20613248 0.5818699 -0.0566191
v 0.20363762 0.5815239 -0.05719309
v 0.20631388 0.58180596 -0.05772771
v 0.20400632 0.5815003 -0.05825587
v 0.20656914 0.5811988 -0.0586399
v 0.20435676 0.5809187 -0.059153004
v 0.20682992 0.580211 -0.059111256
v 0.20459502 0.57993476 -0.05964408
v 0.20702636 0.5791074 -0.05901546
v 0.20465732 0.5788123 -0.05959754
v 0.20710578 0.5781834 -0.05837821
v 0.2045269 0.577852 -0.059025824
v 0.20704688 0.5776868 -0.057370224
v 0.20423876 0.5773111 -0.058082156
v 0.20686552 0.57775076 -0.05626162
v 0.2038701 0.5773347 -0.05701938
v 0.20351962 0.5779163 -0.056122256
v 0.20661024 0.5783579 -0.05534943
v 0.20351962 0.5779163 -0.056122256
v 0.20328138 0.5789002 -0.055631176
v 0.20074988 0.5789371 -0.05677839
v 0.20093636 0.5779526 -0.05729026
v 0.20321906 0.5800227 -0.055677724
v 0.20085814 0.5800567 -0.05675037
v 0.20334948 0.580983 -0.056249424
v 0.20123212 0.5810114 -0.05721371
v 0.20363762 0.5815239 -0.05719309
v 0.20177156 0.5815455 -0.05804426
v 0.20400632 0.5815003 -0.05825587
v 0.20233202 0.5815158 -0.059019476
v 0.20435676 0.5809187 -0.059153004
v 0.2027632 0.58093024 -0.05987805
v 0.20459502 0.57993476 -0.05964408
v 0.20294968 0.57994576 -0.06038992
v 0.20465732 0.5788123 -0.05959754
v 0.20284144 0.5788262 -0.06041794
v 0.2045269 0.577852 -0.059025824
v 0.2024675 0.5778714 -0.05995459
v 0.20423876 0.5773111 -0.058082156
v 0.20192802 0.5773374 -0.05912403
v 0.2038701 0.5773347 -0.05701938
v 0.20136758 0.5773671 -0.058148824
v 0.20093636 0.5779526 -0.05729026
v 0.20351962 0.5779163 -0.056122256
v 0.20093636 0.5779526 -0.05729026
v 0.20074988 0.5789371 -0.05677839
v 0.19851584 0.579504 -0.05839403
v 0.19862412 0.5785299 -0.05894644
v 0.20085814 0.5800567 -0.05675037
v 0.1988139 0.580579 -0.058246576
v 0.20123212 0.5810114 -0.05721371
v 0.1994384 0.5814666 -0.05854359
v 0.20177156 0.5815455 -0.05804426
v 0.20022204 0.581929 -0.05920547
v 0.20233202 0.5815158 -0.059019476
v 0.20095486 0.5818424 -0.06005488
v 0.2027632 0.58093024 -0.05987805
v 0.20144044 0.58122996 -0.06086421
v 0.20294968 0.57994576 -0.06038992
v 0.20154876 0.58025576 -0.06141662
v 0.20284144 0.5788262 -0.06041794
v 0.20125068 0.5791809 -0.06156407
v 0.2024675 0.5778714 -0.05995459
v 0.20062618 0.57829324 -0.06126707
v 0.20192802 0.5773374 -0.05912403
v 0.19984252 0.5778308 -0.06060518
v 0.20136758 0.5773671 -0.058148824
v 0.19910972 0.57791744 -0.05975576
v 0.19862412 0.5785299 -0.05894644
v 0.20093636 0.5779526 -0.05729026
v 0.19862412 0.5785299 -0.05894644
v 0.19851584 0.579504 -0.05839403
v 0.19681032 0.5805407 -0.06026674
v 0.19684782 0.57959576 -0.060876256
v 0.1988139 0.580579 -0.058246576
v 0.19725288 0.5815356 -0.059983324
v 0.1994384 0.5814666 -0.05854359
v 0.19805682 0.5823139 -0.060101976
v 0.20022204 0.581929 -0.05920547
v 0.19900678 0.5826669 -0.06059086
v 0.20095486 0.5818424 -0.06005488
v 0.1998482 0.58250004 -0.061319004
v 0.20144044 0.58122996 -0.06086421
v 0.20035562 0.58185824 -0.062091304
v 0.20154876 0.58025576 -0.06141662
v 0.2003931 0.5809132 -0.06270082
v 0.20125068 0.5791809 -0.06156407
v 0.19995056 0.5799184 -0.062984224
v 0.20062618 0.57829324 -0.06126707
v 0.1991466 0.5791401 -0.062865596
v 0.19984252 0.5778308 -0.06060518
v 0.19819664 0.5787871 -0.0623767
v 0.19910972 0.57791744 -0.05975576
v 0.19735524 0.5789539 -0.061648556
v 0.19684782 0.57959576 -0.060876256
v 0.19862412 0.5785299 -0.05894644
v 0.19684782 0.57959576 -0.060876256
v 0.19681032 0.5805407 -0.06026674
v 0.19524898 0.5823495 -0.062872144
v 0.19524048 0.58143824 -0.06353209
v 0.19725288 0.5815356 -0.059983324
v 0.1957792 0.5832571 -0.06247092
v 0.19805682 0.5823139 -0.060101976
v 0.19668922 0.583918 -0.06243594
v 0.19900678 0.5826669 -0.06059086
v 0.19773506 0.58415504 -0.06277657
v 0.1998482 0.58250004 -0.061319004
v 0.1986366 0.5839047 -0.063401544
v 0.20035562 0.58185824 -0.062091304
v 0.19915218 0.58323404 -0.06414338
v 0.2003931 0.5809132 -0.06270082
v 0.19914372 0.5823229 -0.06480334
v 0.19995056 0.5799184 -0.062984224
v 0.19861344 0.5814151 -0.06520455
v 0.1991466 0.5791401 -0.062865596
v 0.19770348 0.5807543 -0.06523953
v 0.19819664 0.5787871 -0.0623767
v 0.1966576 0.58051724 -0.06489891
v 0.19735524 0.5789539 -0.061648556
v 0.1957561 0.5807676 -0.06427394
v 0.19524048 0.58143824 -0.06353209
v 0.19684782 0.57959576 -0.060876256
v 0.19524048 0.58143824 -0.06353209
v 0.19524898 0.5823495 -0.062872144
v 0.19310232 0.5864816 -0.06828522
v 0.19306678 0.5855801 -0.06895757
v 0.1957792 0.5832571 -0.06247092
v 0.19367498 0.5873384 -0.067833552
v 0.19668922 0.583918 -0.06243594
v 0.19463136 0.5879209 -0.067723624
v 0.19773506 0.58415504 -0.06277657
v 0.19571516 0.58807304 -0.06798486
v 0.1986366 0.5839047 -0.063401544
v 0.19663602 0.5877541 -0.068547256
v 0.19915218 0.58323404 -0.06414338
v 0.19714716 0.5870495 -0.06926016
v 0.19914372 0.5823229 -0.06480334
v 0.19711164 0.58614804 -0.069932504
v 0.19861344 0.5814151 -0.06520455
v 0.19653894 0.5852913 -0.070384152
v 0.19770348 0.5807543 -0.06523953
v 0.19558258 0.5847088 -0.07049409
v 0.1966576 0.58051724 -0.06489891
v 0.19449878 0.5845566 -0.07023286
v 0.1957561 0.5807676 -0.06427394
v 0.19357796 0.58487556 -0.06967045
v 0.19306678 0.5855801 -0.06895757
v 0.19524048 0.58143824 -0.06353209
v 0.19306678 0.5855801 -0.06895757
v 0.19310232 0.5864816 -0.06828522
v 0.18012156 0.6159234 -0.10848951
v 0.18001938 0.61499924 -0.10912314
v 0.19367498 0.5873384 -0.067833552
v 0.18075362 0.6167598 -0.10808115
v 0.19463136 0.5879209 -0.067723624
v 0.18174624 0.61728456 -0.10800748
v 0.19571516 0.58807304 -0.06798486
v 0.18283344 0.6173569 -0.10828826
v 0.19663602 0.5877541 -0.068547256
v 0.18372388 0.61695744 -0.1088482
v 0.19714716 0.5870495 -0.06926016
v 0.184179 0.6161934 -0.10953735
v 0.19711164 0.58614804 -0.069932504
v 0.1840768 0.6152691 -0.11017098
v 0.19653894 0.5852913 -0.070384152
v 0.18344476 0.61443276 -0.11057931
v 0.19558258 0.5847088 -0.07049409
v 0.18245212 0.613908 -0.11065301
v 0.19449878 0.5845566 -0.07023286
v 0.18136492 0.61383556 -0.11037225
v 0.19357796 0.58487556 -0.06967045
v 0.1804745 0.61423496 -0.10981226
v 0.18001938 0.61499924 -0.10912314
v 0.19306678 0.5855801 -0.06895757
v 0.18001938 0.61499924 -0.10912314
v 0.18012156 0.6159234 -0.10848951
v 0.17590838 0.6259158 -0.12272362
v 0.17583674 0.6249829 -0.12334845
v 0.18075362 0.6167598 -0.10808115
v 0.17651806 0.6267639 -0.12230502
v 0.18174624 0.61728456 -0.10800748
v 0.17750238 0.6272997 -0.12220486
v 0.18283344 0.6173569 -0.10828826
v 0.17859764 0.6273797 -0.12244992
v 0.18372388 0.61695744 -0.1088482
v 0.17951032 0.6269825 -0.12297456
v 0.184179 0.6161934 -0.10953735
v 0.1799959 0.6262146 -0.1236382
v 0.1840768 0.6152691 -0.11017098
v 0.17992424 0.62528176 -0.12426304
v 0.18344476 0.61443276 -0.11057931
v 0.1793146 0.6244337 -0.12468164
v 0.18245212 0.613908 -0.11065301
v 0.17833024 0.623898 -0.12478181
v 0.18136492 0.61383556 -0.11037225
v 0.177235 0.6238178 -0.12453674
v 0.1804745 0.61423496 -0.10981226
v 0.17632232 0.62421496 -0.1240121
v 0.17583674 0.6249829 -0.12334845
v 0.18001938 0.61499924 -0.10912314
v 0.17583674 0.6249829 -0.12334845
v 0.17590838 0.6259158 -0.12272362
v 0.17405044 0.63131256 -0.13068956
v 0.17402478 0.6303896 -0.1313324
v 0.17651806 0.6267639 -0.12230502
v 0.17463038 0.63214324 -0.13019985
v 0.17750238 0.6272997 -0.12220486
v 0.17560922 0.63265876 -0.12999452
v 0.17859764 0.6273797 -0.12244992
v 0.17672468 0.6327212 -0.1301286
v 0.17951032 0.6269825 -0.12297456
v 0.1776778 0.6323137 -0.13056611
v 0.1799959 0.6262146 -0.1236382
v 0.17821328 0.6315455 -0.13118986
v 0.17992424 0.62528176 -0.12426304
v 0.1781876 0.63062244 -0.1318327
v 0.1793146 0.6244337 -0.12468164
v 0.17760764 0.6297918 -0.1323224
v 0.17833024 0.623898 -0.12478181
v 0.17662882 0.62927624 -0.13252772
v 0.177235 0.6238178 -0.12453674
v 0.17551338 0.6292139 -0.13239365
v 0.17632232 0.62421496 -0.1240121
v 0.17456024 0.6296215 -0.13195615
v 0.17402478 0.6303896 -0.1313324
v 0.17583674 0.6249829 -0.12334845
v 0.17402478 0.6303896 -0.1313324
v 0.17405044 0.63131256 -0.13068956
v 0.1737434 0.6341834 -0.1347503
v 0.17374336 0.633286 -0.13542895
v 0.17463038 0.63214324 -0.13019985
v 0.17430556 0.6349468 -0.13414431
v 0.17560922 0.63265876 -0.12999452
v 0.17527922 0.6353716 -0.13377345
v 0.17672468 0.6327212 -0.1301286
v 0.17640348 0.6353441 -0.13373702
v 0.1776778 0.6323137 -0.13056611
v 0.1773771 0.6348715 -0.13404481
v 0.17821328 0.6315455 -0.13118986
v 0.17793916 0.6340805 -0.13461435
v 0.1781876 0.63062244 -0.1318327
v 0.17793914 0.6331831 -0.13529299
v 0.17760764 0.6297918 -0.1323224
v 0.17737696 0.6324197 -0.13589894
v 0.17662882 0.62927624 -0.13252772
v 0.17640332 0.63199496 -0.13626982
v 0.17551338 0.6292139 -0.13239365
v 0.17527906 0.63202244 -0.13630626
v 0.17456024 0.6296215 -0.13195615
v 0.17430544 0.63249504 -0.13599849
v 0.17374336 0.633286 -0.13542895
v 0.17402478 0.6303896 -0.1313324
v 0.17374336 0.633286 -0.13542895
v 0.1737434 0.6341834 -0.1347503
v 0.17419258 0.6361145 -0.13720948
v 0.17421288 0.6352536 -0.13793358
v 0.17430556 0.6349468 -0.13414431
v 0.17471712 0.63677096 -0.13646115
v 0.17527922 0.6353716 -0.13377345
v 0.17564588 0.6370469 -0.13588914
v 0.17640348 0.6353441 -0.13373702
v 0.17673002 0.6368686 -0.13564669
v 0.1773771 0.6348715 -0.13404481
v 0.17767912 0.6362837 -0.13579878
v 0.17793916 0.6340805 -0.13461435
v 0.17823878 0.635449 -0.13630468
v 0.17793914 0.6331831 -0.13529299
v 0.1782591 0.63458804 -0.13702878
v 0.17737696 0.6324197 -0.13589894
v 0.17773456 0.6339316 -0.1377771
v 0.17640332 0.63199496 -0.13626982
v 0.1768058 0.63365556 -0.13834911
v 0.17527906 0.63202244 -0.13630626
v 0.17572162 0.63383396 -0.13859155
v 0.17430544 0.63249504 -0.13599849
v 0.17477252 0.6344189 -0.13843945
v 0.17421288 0.6352536 -0.13793358
v 0.17374336 0.633286 -0.13542895
v 0.17421288 0.6352536 -0.13793358
v 0.17419258 0.6361145 -0.13720948
v 0.17510522 0.63758244 -0.13881619
v 0.1751554 0.6367679 -0.13959075
v 0.17471712 0.63677096 -0.13646115
v 0.17554432 0.63810476 -0.13792162
v 0.17564588 0.6370469 -0.13588914
v 0.17635512 0.638195 -0.13714669
v 0.17673002 0.6368686 -0.13564669
v 0.17732032 0.6378289 -0.13669905
v 0.17767912 0.6362837 -0.13579878
v 0.17818128 0.6371045 -0.13669862
v 0.17823878 0.635449 -0.13630468
v 0.17870736 0.63621604 -0.13714561
v 0.1782591 0.63458804 -0.13702878
v 0.17875756 0.6354015 -0.13792014
v 0.17773456 0.6339316 -0.1377771
v 0.17831844 0.6348791 -0.13881472
v 0.1768058 0.63365556 -0.13834911
v 0.17750764 0.6347889 -0.13958965
v 0.17572162 0.63383396 -0.13859155
v 0.17654248 0.63515504 -0.1400373
v 0.17477252 0.6344189 -0.13843945
v 0.17568148 0.63587944 -0.14003768
v 0.1751554 0.6367679 -0.13959075
v 0.17421288 0.6352536 -0.13793358
v 0.1751554 0.6367679 -0.13959075
v 0.17510522 0.63758244 -0.13881619
v 0.17672448 0.6390274 -0.14004686
v 0.17683608 0.6382761 -0.1408769
v 0.17554432 0.63810476 -0.13792162
v 0.17698538 0.63938104 -0.13901108
v 0.17635512 0.638195 -0.13714669
v 0.17754894 0.63924224 -0.13804715
v 0.17732032 0.6378289 -0.13669905
v 0.17826408 0.63864824 -0.13741331
v 0.17818128 0.6371045 -0.13669862
v 0.17893922 0.63775824 -0.13727944
v 0.17870736 0.63621604 -0.13714561
v 0.17939344 0.63681056 -0.13768139
v 0.17875756 0.6354015 -0.13792014
v 0.17950502 0.6360592 -0.13851148
v 0.17831844 0.6348791 -0.13881472
v 0.17924412 0.63570556 -0.13954725
v 0.17750764 0.6347889 -0.13958965
v 0.1786806 0.6358443 -0.14051118
v 0.17654248 0.63515504 -0.1400373
v 0.17796544 0.6364384 -0.141145
v 0.17568148 0.63587944 -0.14003768
v 0.17729032 0.63732844 -0.14127886
v 0.17683608 0.6382761 -0.1408769
v 0.1751554 0.6367679 -0.13959075
v 0.17683608 0.6382761 -0.1408769
v 0.17672448 0.6390274 -0.14004686
v 0.18036304 0.6407804 -0.14068832
v 0.1806079 0.64011124 -0.1415591
v 0.17698538 0.63938104 -0.13901108
v 0.18027668 0.6409426 -0.1395783
v 0.17754894 0.63924224 -0.13804715
v 0.18037196 0.64055476 -0.13852642
v 0.17826408 0.63864824 -0.13741331
v 0.18062336 0.6397205 -0.13781456
v 0.17893922 0.63775824 -0.13727944
v 0.18096348 0.63866324 -0.13763345
v 0.17939344 0.63681056 -0.13768139
v 0.18130124 0.63766676 -0.13803162
v 0.17950502 0.6360592 -0.13851148
v 0.18154608 0.63699756 -0.13890236
v 0.17924412 0.63570556 -0.13954725
v 0.18163244 0.6368351 -0.1400124
v 0.1786806 0.6358443 -0.14051118
v 0.18153718 0.6372231 -0.14106428
v 0.17796544 0.6364384 -0.141145
v 0.18128578 0.6380575 -0.14177612
v 0.17729032 0.63732844 -0.14127886
v 0.18094564 0.6391145 -0.14195726
v 0.1806079 0.64011124 -0.1415591
v 0.17683608 0.6382761 -0.1408769
v 0.1806079 0.64011124 -0.1415591
v 0.18036304 0.6407804 -0.14068832
v 0.18305876 0.64144744 -0.14024819
v 0.18339312 0.64081476 -0.1411164
v 0.18027668 0.6409426 -0.1395783
v 0.18275336 0.64153804 -0.13916906
v 0.18037196 0.64055476 -0.13852642
v 0.18255874 0.64106224 -0.1381682
v 0.18062336 0.6397205 -0.13781456
v 0.182527 0.64014744 -0.13751375
v 0.18096348 0.63866324 -0.13763345
v 0.18266668 0.639039 -0.13738111
v 0.18130124 0.63766676 -0.13803162
v 0.18294038 0.6380336 -0.1378058
v 0.18154608 0.63699756 -0.13890236
v 0.18327472 0.6374009 -0.13867402
v 0.18163244 0.6368351 -0.1400124
v 0.1835801 0.63731024 -0.13975314
v 0.18153718 0.6372231 -0.14106428
v 0.18377478 0.6377861 -0.14075402
v 0.18128578 0.6380575 -0.14177612
v 0.18380648 0.6387009 -0.14140845
v 0.18094564 0.6391145 -0.14195726
v 0.18366682 0.63980944 -0.14154111
v 0.18339312 0.64081476 -0.1411164
v 0.1806079 0.64011124 -0.1415591
v 0.18339312 0.64081476 -0.1411164
v 0.18305876 0.64144744 -0.14024819
v 0.18567014 0.6416373 -0.13916314
v 0.18610498 0.64103004 -0.14000461
v 0.18275336 0.64153804 -0.13916906
v 0.18513498 0.64169004 -0.13817481
v 0.18255874 0.64106224 -0.1381682
v 0.18464284 0.641174 -0.13730439
v 0.182527 0.64014744 -0.13751375
v 0.18432562 0.64022756 -0.13678515
v 0.18266668 0.639039 -0.13738111
v 0.18426836 0.63910424 -0.13675622
v 0.18294038 0.6380336 -0.1378058
v 0.18448626 0.638105 -0.1372253
v 0.18327472 0.6374009 -0.13867402
v 0.1849211 0.6374976 -0.13806675
v 0.1835801 0.63731024 -0.13975314
v 0.18545624 0.637445 -0.13905512
v 0.18377478 0.6377861 -0.14075402
v 0.18594836 0.637961 -0.1399255
v 0.18380648 0.6387009 -0.14140845
v 0.1862656 0.63890744 -0.14044476
v 0.18366682 0.63980944 -0.14154111
v 0.18632288 0.6400308 -0.14047372
v 0.18610498 0.64103004 -0.14000461
v 0.18339312 0.64081476 -0.1411164
v 0.18610498 0.64103004 -0.14000461
v 0.18567014 0.6416373 -0.13916314
v 0.18747704 0.6413968 -0.13788725
v 0.18799616 0.64079444 -0.13868328
v 0.18513498 0.64169004 -0.13817481
v 0.18675994 0.64145576 -0.13702225
v 0.18464284 0.641174 -0.13730439
v 0.18603696 0.6409555 -0.13632001
v 0.18432562 0.64022756 -0.13678515
v 0.18550184 0.64003024 -0.13596869
v 0.18426836 0.63910424 -0.13675622
v 0.18529796 0.6389277 -0.13606249
v 0.18448626 0.638105 -0.1372253
v 0.18547998 0.6379433 -0.13657619
v 0.1849211 0.6374976 -0.13806675
v 0.18599902 0.637341 -0.1373722
v 0.18545624 0.637445 -0.13905512
v 0.18671618 0.637282 -0.13823725
v 0.18594836 0.637961 -0.1399255
v 0.18743914 0.63778224 -0.13893948
v 0.1862656 0.63890744 -0.14044476
v 0.18797424 0.63870756 -0.13929078
v 0.18632288 0.6400308 -0.14047372
v 0.18817816 0.6398101 -0.13919701
v 0.18799616 0.64079444 -0.13868328
v 0.18610498 0.64103004 -0.14000461
v 0.18799616 0.64079444 -0.13868328
v 0.18747704 0.6413968 -0.13788725
v 0.1892804 0.6406349 -0.13591062
v 0.18987278 0.64002224 -0.13664518
v 0.18675994 0.64145576 -0.13702225
v 0.1884099 0.64073676 -0.13520506
v 0.18603696 0.6409555 -0.13632001
v 0.1874945 0.6403004 -0.13471751
v 0.18550184 0.64003024 -0.13596869
v 0.18677948 0.63944276 -0.13457865
v 0.18529796 0.6389277 -0.13606249
v 0.18645642 0.6383936 -0.13482569
v 0.18547998 0.6379433 -0.13657619
v 0.18661194 0.6374342 -0.13539239
v 0.18599902 0.637341 -0.1373722
v 0.1872043 0.6368214 -0.13612695
v 0.18671618 0.637282 -0.13823725
v 0.18807482 0.6367196 -0.13683251
v 0.18743914 0.63778224 -0.13893948
v 0.18899024 0.63715596 -0.13732006
v 0.18797424 0.63870756 -0.13929078
v 0.18970524 0.6380136 -0.1374589
v 0.18817816 0.6398101 -0.13919701
v 0.1900283 0.63906256 -0.1372119
v 0.18987278 0.64002224 -0.13664518
v 0.18799616 0.64079444 -0.13868328
v 0.18987278 0.64002224 -0.13664518
v 0.1892804 0.6406349 -0.13591062
v 0.19095716 0.6391955 -0.13314258
v 0.19159102 0.63857104 -0.13383115
v 0.1884099 0.64073676 -0.13520506
v 0.19000512 0.6393441 -0.13256151
v 0.1874945 0.6403004 -0.13471751
v 0.1889901 0.638977 -0.13224372
v 0.18677948 0.63944276 -0.13457865
v 0.18818402 0.63819256 -0.1322743
v 0.18645642 0.6383936 -0.13482569
v 0.18780288 0.63720096 -0.13264508
v 0.18661194 0.6374342 -0.13539239
v 0.18794882 0.6362679 -0.1332567
v 0.1872043 0.6368214 -0.13612695
v 0.18858268 0.63564344 -0.1339453
v 0.18807482 0.6367196 -0.13683251
v 0.18953472 0.6354949 -0.13452636
v 0.18899024 0.63715596 -0.13732006
v 0.19054976 0.63586196 -0.13484412
v 0.18970524 0.6380136 -0.1374589
v 0.19135582 0.6366464 -0.13481356
v 0.1900283 0.63906256 -0.1372119
v 0.19173694 0.637638 -0.1344428
v 0.19159102 0.63857104 -0.13383115
v 0.18987278 0.64002224 -0.13664518
v 0.19159102 0.63857104 -0.13383115
v 0.19095716 0.6391955 -0.13314258
v 0.19327976 0.63589624 -0.12779682
v 0.19393556 0.6352695 -0.12846251
v 0.19000512 0.6393441 -0.13256151
v 0.19228938 0.6360746 -0.12729358
v 0.1889901 0.638977 -0.13224372
v 0.19122972 0.6357571 -0.1270876
v 0.18818402 0.63819256 -0.1322743
v 0.19038482 0.6350286 -0.12723412
v 0.18780288 0.63720096 -0.13264508
v 0.18998096 0.63408444 -0.12769384
v 0.18794882 0.6362679 -0.1332567
v 0.1901264 0.63317756 -0.1283436
v 0.18858268 0.63564344 -0.1339453
v 0.1907822 0.63255076 -0.12900926
v 0.18953472 0.6354949 -0.13452636
v 0.19177262 0.6323723 -0.12951251
v 0.19054976 0.63586196 -0.13484412
v 0.1928322 0.6326899 -0.1297185
v 0.19135582 0.6366464 -0.13481356
v 0.19367718 0.6334184 -0.12957199
v 0.19173694 0.637638 -0.1344428
v 0.194081 0.6343625 -0.12911226
v 0.19393556 0.6352695 -0.12846251
v 0.19159102 0.63857104 -0.13383115
v 0.19393556 0.6352695 -0.12846251
v 0.19327976 0.63589624 -0.12779682
v 0.19657538 0.6293652 -0.11817836
v 0.19724092 0.62872976 -0.11882592
v 0.19228938 0.6360746 -0.12729358
v 0.19556688 0.6295713 -0.11772402
v 0.19122972 0.6357571 -0.1270876
v 0.19448562 0.629293 -0.11758465
v 0.19038482 0.6350286 -0.12723412
v 0.19362128 0.62860476 -0.11779758
v 0.18998096 0.63408444 -0.12769384
v 0.19320556 0.627691 -0.11830578
v 0.1901264 0.63317756 -0.1283436
v 0.19334976 0.6267967 -0.11897306
v 0.1907822 0.63255076 -0.12900926
v 0.19401528 0.6261614 -0.11962061
v 0.19177262 0.6323723 -0.12951251
v 0.19502378 0.6259551 -0.12007496
v 0.1928322 0.6326899 -0.1297185
v 0.19610506 0.6262335 -0.12021434
v 0.19367718 0.6334184 -0.12957199
v 0.19696938 0.6269218 -0.1200014
v 0.194081 0.6343625 -0.12911226
v 0.19738512 0.6278355 -0.11949319
v 0.19724092 0.62872976 -0.11882592
v 0.19393556 0.6352695 -0.12846251
v 0.19724092 0.62872976 -0.11882592
v 0.19657538 0.6293652 -0.11817836
v 0.20183812 0.615964 -0.09945078
v 0.20250198 0.615333 -0.10010425
v 0.19556688 0.6295713 -0.11772402
v 0.200826 0.6161787 -0.09900858
v 0.19448562 0.629293 -0.11758465
v 0.19973684 0.6159195 -0.09889611
v 0.19362128 0.62860476 -0.11779758
v 0.19886248 0.6152559 -0.09914353
v 0.19320556 0.627691 -0.11830578
v 0.1984372 0.61436576 -0.09968454
v 0.19334976 0.6267967 -0.11897306
v 0.19857498 0.61348756 -0.10037418
v 0.19401528 0.6261614 -0.11962061
v 0.19923882 0.6128565 -0.10102764
v 0.19502378 0.6259551 -0.12007496
v 0.20025094 0.61264176 -0.10146984
v 0.19610506 0.6262335 -0.12021434
v 0.20134008 0.61290096 -0.10158231
v 0.19696938 0.6269218 -0.1200014
v 0.20221444 0.6135645 -0.10133488
v 0.19738512 0.6278355 -0.11949319
v 0.20263976 0.6144547 -0.10079388
v 0.20250198 0.615333 -0.10010425
v 0.19724092 0.62872976 -0.11882592
v 0.20250198 0.615333 -0.10010425
v 0.20183812 0.615964 -0.09945078
v 0.2059072 0.60578156 -0.08590549
v 0.20657798 0.6051345 -0.08653586
v 0.200826 0.6161787 -0.09900858
v 0.20489518 0.6059954 -0.08546266
v 0.19973684 0.6159195 -0.09889611
v 0.20381312 0.6057188 -0.08532601
v 0.19886248 0.6152559 -0.09914353
v 0.2029509 0.60502596 -0.08553218
v 0.1984372 0.61436576 -0.09968454
v 0.20253962 0.6041023 -0.08602589
v 0.19857498 0.61348756 -0.10037418
v 0.20268938 0.6031955 -0.08667488
v 0.19923882 0.6128565 -0.10102764
v 0.20336018 0.6025485 -0.08730524
v 0.20025094 0.61264176 -0.10146984
v 0.20437218 0.6023345 -0.08774806
v 0.20134008 0.61290096 -0.10158231
v 0.20545428 0.6026111 -0.08788472
v 0.20221444 0.6135645 -0.10133488
v 0.20631644 0.6033041 -0.08767856
v 0.20263976 0.6144547 -0.10079388
v 0.20672776 0.60422776 -0.08718484
v 0.20657798 0.6051345 -0.08653586
v 0.20250198 0.615333 -0.10010425
v 0.20590718 0.60578156 -0.08590549
v 0.20636006 0.6048103 -0.08421772
v 0.20489518 0.6059954 -0.08546266
v 0.2053214 0.6050682 -0.083870176
v 0.20381312 0.6057188 -0.08532601
v 0.2029509 0.60502596 -0.08553218
v 0.20304282 0.60302976 -0.08419111
v 0.20253962 0.6041023 -0.08602589
v 0.20268938 0.6031955 -0.08667488
v 0.20324744 0.60202596 -0.08465616
v 0.20336018 0.6025485 -0.08730525
v 0.20396522 0.60129744 -0.08512531
v 0.20437218 0.6023345 -0.08774806
v 0.20545428 0.6026111 -0.08788472
v 0.20631644 0.6033041 -0.08767856
v 0.20691898 0.6020676 -0.08548824
v 0.20728242 0.60307804 -0.08515194
v 0.20672776 0.60422776 -0.08718484
v 0.20657798 0.6051345 -0.08653586
v 0.20707782 0.60408196 -0.08468689
v 0.20424024 0.60478624 -0.083737328
v 0.20707782 0.60408196 -0.08468689
v 0.20707782 0.60408196 -0.08468689
v 0.20608498 0.60132156 -0.08560571
v 0.20500382 0.6010396 -0.08547288
v 0.20324744 0.60202596 -0.08465616
v 0.20608498 0.60132156 -0.08560571
v 0.20340624 0.6040401 -0.0838548
v 0.20324744 0.60202596 -0.08465616
v 0.20608498 0.60132156 -0.08560571
v 0.20424024 0.60478624 -0.083737328
v 0.20707782 0.60408196 -0.08468689
v 0.20590718 0.60578156 -0.08590549
v 0.20636006 0.6048103 -0.08421772
v 0.20336018 0.6025485 -0.08730525
v 0.20396522 0.60129744 -0.08512531
v 0.20500382 0.6010396 -0.08547288
v 0.20707782 0.60408196 -0.08468689
v 0.20657798 0.6051345 -0.08653586
v 0.2053214 0.6050682 -0.083870176
v 0.20636006 0.6048103 -0.08421772
v 0.20728242 0.60307804 -0.08515194
v 0.20691898 0.6020676 -0.08548824
v 0.20500382 0.6010396 -0.08547288
v 0.20500382 0.6010396 -0.08547288
v 0.20396522 0.60129744 -0.08512531
v 0.20324744 0.60202596 -0.08465616
v 0.20424024 0.60478624 -0.083737328
v 0.20304282 0.60302976 -0.08419111
v 0.20304282 0.60302976 -0.08419111
v 0.20340624 0.6040401 -0.0838548
v 0.20424024 0.60478624 -0.083737328
v 0.20608498 0.60132156 -0.08560571
v 0.20324744 0.60202596 -0.08465616
v 0.20424024 0.60478624 -0.083737328

vn  -0.69916056 -0.67323592 -0.2406823
vn  -0.7107984 -0.6462021 -0.27782816
vn  -0.27276812 -0.82786928 -0.4901328
vn  -0.28467372 -0.79990672 -0.5283088
vn  0.22673312 -0.76066928 -0.6082551
vn  0.6654778 -0.4896315 -0.5633828
vn  0.9285418 -0.09304022 -0.35937952
vn  0.9258875 -0.08740366 -0.36755004
vn  0.9382099 0.3382268 -0.073245656
vn  0.9464616 0.31936476 -0.047082704
vn  0.69916056 0.67323592 0.2406823
vn  0.7107984 0.6462021 0.27782816
vn  0.27276812 0.82786928 0.4901328
vn  -0.22673312 0.76066928 0.6082551
vn  -0.6654778 0.4896315 0.5633828
vn  -0.66182376 0.48053144 0.5753946
vn  -0.9285418 0.09304022 0.35937952
vn  -0.9258875 0.08740366 0.36755004
vn  -0.9382099 -0.3382268 0.073245656
vn  -0.9464616 -0.31936476 0.047082704
vn  0.23829856 -0.5928672 0.76923496
vn  0.23829856 -0.5928672 0.76923496
vn  0.23829856 -0.5928672 0.76923496
vn  0.23829856 -0.5928672 0.76923496
vn  0.28467372 0.79990672 0.5283088
vn  0.23829856 -0.5928672 0.76923496
vn  0.23829856 -0.5928672 0.76923496
vn  0.66182376 -0.48053144 -0.5753946
vn  0.23829856 -0.5928672 0.76923496
vn  -0.2177497 0.7392707 0.6372314
vn  0.2177497 -0.7392707 -0.6372314
vn  0.23829856 -0.5928672 0.76923496
vn  -0.69916056 -0.67323592 -0.2406823
vn  -0.7107984 -0.6462021 -0.27782816
vn  0.69916056 0.67323592 0.2406823
vn  0.7107984 0.6462021 0.27782816
vn  0.28467372 0.79990672 0.5283088
vn  -0.9464616 -0.31936476 0.047082704
vn  -0.9382099 -0.3382268 0.073245656
vn  0.23829856 -0.5928672 0.76923496
vn  0.23829856 -0.5928672 0.76923496
vn  0.23829856 -0.5928672 0.76923496
vn  0.23829856 -0.5928672 0.76923496
vn  0.23829856 -0.5928672 0.76923496
vn  0.23829856 -0.5928672 0.76923496
vn  0.23829856 -0.5928672 0.76923496
vn  0.23829856 -0.5928672 0.76923496
vn  0.23829856 -0.5928672 0.76923496
vn  0.23829856 -0.5928672 0.76923496
vn  0.23829856 -0.5928672 0.76923496
vn  0.23829856 -0.5928672 0.76923496
vn  0.23829856 -0.5928672 0.76923496
vn  0.23829856 -0.5928672 0.76923496
vn  0.23829856 -0.5928672 0.76923496
vn  0.23829856 -0.5928672 0.76923496
vn  -0.9382099 -0.3382268 0.073245656
vn  -0.9258876 0.08740324 0.3675497
vn  -0.934592 0.10801314 0.3389261
vn  -0.9468413 -0.3184255 0.045791216
vn  -0.66547744 0.48963196 0.5633829
vn  -0.6719225 0.50552796 0.5412594
vn  -0.22673312 0.76066928 0.6082551
vn  -0.2291918 0.7675915 0.5985603
vn  0.2727676 0.82786928 0.490133
vn  0.27495396 0.8239629 0.4954649
vn  0.6991609 0.6732356 0.24068196
vn  0.7054064 0.6595481 0.25961138
vn  0.9382099 0.3382268 -0.073245656
vn  0.9468413 0.3184255 -0.045791216
vn  0.9258876 -0.08740324 -0.3675497
vn  0.934592 -0.10801314 -0.3389261
vn  0.66547744 -0.48963196 -0.5633829
vn  0.6719225 -0.50552796 -0.5412594
vn  0.22673312 -0.76066928 -0.6082551
vn  0.2291918 -0.7675915 -0.5985603
vn  -0.2727676 -0.82786928 -0.490133
vn  -0.27495396 -0.8239629 -0.4954649
vn  -0.6991609 -0.6732356 -0.24068196
vn  -0.7054064 -0.6595481 -0.25961138
vn  -0.9468413 -0.3184255 0.045791216
vn  -0.9382099 -0.3382268 0.073245656
vn  -0.9468413 -0.3184255 0.045791216
vn  -0.934592 0.10801314 0.3389261
vn  -0.9386456 0.118274 0.32396848
vn  -0.953785 -0.29987278 0.019251976
vn  -0.6719225 0.50552796 0.5412594
vn  -0.67199992 0.50474704 0.54189156
vn  -0.2291918 0.7675915 0.5985603
vn  -0.22527248 0.7559778 0.6146135
vn  0.27495396 0.8239629 0.4954649
vn  0.28181996 0.8046288 0.52263744
vn  0.7054064 0.6595481 0.25961138
vn  0.71337944 0.63767444 0.29062178
vn  0.9468413 0.3184255 -0.045791216
vn  0.953785 0.29987278 -0.019251976
vn  0.934592 -0.10801314 -0.3389261
vn  0.9386456 -0.118274 -0.32396848
vn  0.6719225 -0.50552796 -0.5412594
vn  0.67199992 -0.50474704 -0.54189156
vn  0.2291918 -0.7675915 -0.5985603
vn  0.22527248 -0.7559778 -0.6146135
vn  -0.27495396 -0.8239629 -0.4954649
vn  -0.28181996 -0.8046288 -0.52263744
vn  -0.7054064 -0.6595481 -0.25961138
vn  -0.71337944 -0.63767444 -0.29062178
vn  -0.953785 -0.29987278 0.019251976
vn  -0.9468413 -0.3184255 0.045791216
vn  -0.953785 -0.29987278 0.019251976
vn  -0.9386456 0.118274 0.32396848
vn  -0.9530793 0.16635468 0.25291524
vn  -0.9685211 -0.23945372 -0.0680362
vn  -0.67199992 0.50474704 0.54189156
vn  -0.6822637 0.52760504 0.5061119
vn  -0.22527248 0.7559778 0.6146135
vn  -0.2286168 0.7474874 0.6236963
vn  0.28181996 0.8046288 0.52263744
vn  0.28629122 0.76706576 0.57414924
vn  0.71337944 0.63767444 0.29062178
vn  0.724469 0.581105 0.37075824
vn  0.953785 0.29987278 -0.019251976
vn  0.9685211 0.23945372 0.0680362
vn  0.9386456 -0.118274 -0.32396848
vn  0.9530793 -0.16635468 -0.25291524
vn  0.67199992 -0.50474704 -0.54189156
vn  0.6822637 -0.52760504 -0.5061119
vn  0.22527248 -0.7559778 -0.6146135
vn  0.2286168 -0.7474874 -0.6236963
vn  -0.28181996 -0.8046288 -0.52263744
vn  -0.28629122 -0.76706576 -0.57414924
vn  -0.71337944 -0.63767444 -0.29062178
vn  -0.724469 -0.581105 -0.37075824
vn  -0.9685211 -0.23945372 -0.0680362
vn  -0.953785 -0.29987278 0.019251976
vn  -0.9685211 -0.23945372 -0.0680362
vn  -0.9530793 0.16635468 0.25291524
vn  -0.9587462 0.24485798 0.14439581
vn  -0.9699259 -0.1460531 -0.19471102
vn  -0.6822637 0.52760504 0.5061119
vn  -0.6906747 0.57017476 0.44482496
vn  -0.2286168 0.7474874 0.6236963
vn  -0.23751952 0.7427151 0.626066
vn  0.28629122 0.76706576 0.57414924
vn  0.2792826 0.71623176 0.63954156
vn  0.724469 0.581105 0.37075824
vn  0.7212338 0.4978317 0.4816486
vn  0.9685211 0.23945372 0.0680362
vn  0.9699259 0.1460531 0.19471102
vn  0.9530793 -0.16635468 -0.25291524
vn  0.9587462 -0.24485798 -0.14439581
vn  0.6822637 -0.52760504 -0.5061119
vn  0.6906747 -0.57017476 -0.44482496
vn  0.2286168 -0.7474874 -0.6236963
vn  0.23751952 -0.7427151 -0.626066
vn  -0.28629122 -0.76706576 -0.57414924
vn  -0.2792826 -0.71623176 -0.63954156
vn  -0.724469 -0.581105 -0.37075824
vn  -0.7212338 -0.4978317 -0.4816486
vn  -0.9699259 -0.1460531 -0.19471102
vn  -0.9685211 -0.23945372 -0.0680362
vn  -0.9699259 -0.1460531 -0.19471102
vn  -0.9587462 0.24485798 0.14439581
vn  -0.9300044 0.3674744 -0.0073698056
vn  -0.9309055 -0.006540271 -0.3652015
vn  -0.6906747 0.57017476 0.44482496
vn  -0.6799128 0.6430385 0.3524486
vn  -0.23751952 0.7427151 0.626066
vn  -0.24762362 0.74630008 0.6178339
vn  0.2792826 0.71623176 0.63954156
vn  0.25102008 0.64957856 0.7176605
vn  0.7212338 0.4978317 0.4816486
vn  0.6823881 0.37880236 0.62518404
vn  0.9699259 0.1460531 0.19471102
vn  0.9309055 0.006540271 0.3652015
vn  0.9587462 -0.24485798 -0.14439581
vn  0.9300044 -0.3674744 0.0073698056
vn  0.6906747 -0.57017476 -0.44482496
vn  0.6799128 -0.6430385 -0.3524486
vn  0.23751952 -0.7427151 -0.626066
vn  0.24762362 -0.74630008 -0.6178339
vn  -0.2792826 -0.71623176 -0.63954156
vn  -0.25102008 -0.64957856 -0.7176605
vn  -0.7212338 -0.4978317 -0.4816486
vn  -0.6823881 -0.37880236 -0.62518404
vn  -0.9309055 -0.006540271 -0.3652015
vn  -0.9699259 -0.1460531 -0.19471102
vn  -0.9309055 -0.006540271 -0.3652015
vn  -0.9300044 0.3674744 -0.0073698056
vn  -0.8607788 0.489852 -0.13822031
vn  -0.8517257 0.12789826 -0.5081391
vn  -0.6799128 0.6430385 0.3524486
vn  -0.6391904 0.7205634 0.26874556
vn  -0.24762362 0.74630008 0.6178339
vn  -0.24631816 0.7581976 0.6037084
vn  0.25102008 0.64957856 0.7176605
vn  0.21255858 0.5926615 0.77689848
vn  0.6823881 0.37880236 0.62518404
vn  0.6144676 0.2683235 0.741911
vn  0.9309055 0.006540271 0.3652015
vn  0.8517257 -0.12789826 0.5081391
vn  0.9300044 -0.3674744 0.0073698056
vn  0.8607788 -0.489852 0.13822031
vn  0.6799128 -0.6430385 -0.3524486
vn  0.6391904 -0.7205634 -0.26874556
vn  0.24762362 -0.74630008 -0.6178339
vn  0.24631816 -0.7581976 -0.6037084
vn  -0.25102008 -0.64957856 -0.7176605
vn  -0.21255858 -0.5926615 -0.77689848
vn  -0.6823881 -0.37880236 -0.62518404
vn  -0.6144676 -0.2683235 -0.741911
vn  -0.8517257 0.12789826 -0.5081391
vn  -0.9309055 -0.006540271 -0.3652015
vn  -0.8517257 0.12789826 -0.5081391
vn  -0.8607788 0.489852 -0.13822031
vn  -0.75828504 0.6058915 -0.24062296
vn  -0.7376912 0.2584137 -0.623726
vn  -0.6391904 0.7205634 0.26874556
vn  -0.5757004 0.79103376 0.20696548
vn  -0.24631816 0.7581976 0.6037084
vn  -0.23884628 0.7642146 0.5991063
vn  0.21255858 0.5926615 0.77689848
vn  0.16201014 0.53261324 0.8307079
vn  0.6144676 0.2683235 0.741911
vn  0.5194455 0.15830162 0.8397124
vn  0.8517257 -0.12789826 0.5081391
vn  0.7376912 -0.2584137 0.623726
vn  0.8607788 -0.489852 0.13822031
vn  0.75828504 -0.6058915 0.24062296
vn  0.6391904 -0.7205634 -0.26874556
vn  0.5757004 -0.79103376 -0.20696548
vn  0.24631816 -0.7581976 -0.6037084
vn  0.23884628 -0.7642146 -0.5991063
vn  -0.21255858 -0.5926615 -0.77689848
vn  -0.16201014 -0.53261324 -0.8307079
vn  -0.6144676 -0.2683235 -0.741911
vn  -0.5194455 -0.15830162 -0.8397124
vn  -0.7376912 0.2584137 -0.623726
vn  -0.8517257 0.12789826 -0.5081391
vn  -0.7376912 0.2584137 -0.623726
vn  -0.75828504 0.6058915 -0.24062296
vn  -0.62441496 0.7139907 -0.3167385
vn  -0.5850229 0.38455736 -0.71404752
vn  -0.5757004 0.79103376 0.20696548
vn  -0.4964992 0.8521235 0.16545122
vn  -0.23884628 0.7642146 0.5991063
vn  -0.23553796 0.76192424 0.60331876
vn  0.16201014 0.53261324 0.8307079
vn  0.08853924 0.4675561 0.8795181
vn  0.5194455 0.15830162 0.8397124
vn  0.38888396 0.047911496 0.92004
vn  0.7376912 -0.2584137 0.623726
vn  0.5850229 -0.38455736 0.71404752
vn  0.75828504 -0.6058915 0.24062296
vn  0.62441496 -0.7139907 0.3167385
vn  0.5757004 -0.79103376 -0.20696548
vn  0.4964992 -0.8521235 -0.16545122
vn  0.23884628 -0.7642146 -0.5991063
vn  0.23553796 -0.76192424 -0.60331876
vn  -0.16201014 -0.53261324 -0.8307079
vn  -0.08853924 -0.4675561 -0.8795181
vn  -0.5194455 -0.15830162 -0.8397124
vn  -0.38888396 -0.047911496 -0.92004
vn  -0.5850229 0.38455736 -0.71404752
vn  -0.7376912 0.2584137 -0.623726
vn  -0.5850229 0.38455736 -0.71404752
vn  -0.62441496 0.7139907 -0.3167385
vn  -0.4651538 0.8059494 -0.366166
vn  -0.39682124 0.49406464 -0.7735845
vn  -0.4964992 0.8521235 0.16545122
vn  -0.40885296 0.9018941 0.13937795
vn  -0.23553796 0.76192424 0.60331876
vn  -0.24299384 0.7561688 0.6075878
vn  0.08853924 0.4675561 0.8795181
vn  -0.012020562 0.4078159 0.9129851
vn  0.38888396 0.047911496 0.92004
vn  0.2221676 -0.049804024 0.9737356
vn  0.5850229 -0.38455736 0.71404752
vn  0.39682124 -0.49406464 0.7735845
vn  0.62441496 -0.7139907 0.3167385
vn  0.4651538 -0.8059494 0.366166
vn  0.4964992 -0.8521235 -0.16545122
vn  0.40885296 -0.9018941 -0.13937795
vn  0.23553796 -0.76192424 -0.60331876
vn  0.24299384 -0.7561688 -0.6075878
vn  -0.08853924 -0.4675561 -0.8795181
vn  0.012020562 -0.4078159 -0.9129851
vn  -0.38888396 -0.047911496 -0.92004
vn  -0.2221676 0.049804024 -0.9737356
vn  -0.39682124 0.49406464 -0.7735845
vn  -0.5850229 0.38455736 -0.71404752
vn  -0.39682124 0.49406464 -0.7735845
vn  -0.4651538 0.8059494 -0.366166
vn  -0.298203 0.8719376 -0.38832972
vn  -0.20043556 0.5697149 -0.7970261
vn  -0.40885296 0.9018941 0.13937795
vn  -0.31607202 0.9405399 0.12443136
vn  -0.24299384 0.7561688 0.6075878
vn  -0.24924622 0.7571151 0.6038649
vn  -0.012020562 0.4078159 0.9129851
vn  -0.11563049 0.3708081 0.921483
vn  0.2221676 -0.049804024 0.9737356
vn  0.048965256 -0.11484804 0.9921756
vn  0.39682124 -0.49406464 0.7735845
vn  0.20043556 -0.5697149 0.7970261
vn  0.4651538 -0.8059494 0.366166
vn  0.298203 -0.8719376 0.38832972
vn  0.40885296 -0.9018941 -0.13937795
vn  0.31607202 -0.9405399 -0.12443136
vn  0.24299384 -0.7561688 -0.6075878
vn  0.24924622 -0.7571151 -0.6038649
vn  0.012020562 -0.4078159 -0.9129851
vn  0.11563049 -0.3708081 -0.921483
vn  -0.2221676 0.049804024 -0.9737356
vn  -0.048965256 0.11484804 -0.9921756
vn  -0.20043556 0.5697149 -0.7970261
vn  -0.39682124 0.49406464 -0.7735845
vn  -0.20043556 0.5697149 -0.7970261
vn  -0.298203 0.8719376 -0.38832972
vn  -0.1244246 0.9149344 -0.38394484
vn  -0.0011617675 0.61574176 -0.7879472
vn  -0.31607202 0.9405399 0.12443136
vn  -0.21435322 0.9689874 0.12294774
vn  -0.24924622 0.7571151 0.6038649
vn  -0.2468461 0.7633894 0.5969118
vn  -0.11563049 0.3708081 0.921483
vn  -0.2131919 0.35322604 0.910923
vn  0.048965256 -0.11484804 0.9921756
vn  -0.12241261 -0.15157378 0.9808368
vn  0.20043556 -0.5697149 0.7970261
vn  0.0011617675 -0.61574176 0.7879472
vn  0.298203 -0.8719376 0.38832972
vn  0.1244246 -0.9149344 0.38394484
vn  0.31607202 -0.9405399 -0.12443136
vn  0.21435322 -0.9689874 -0.12294774
vn  0.24924622 -0.7571151 -0.6038649
vn  0.2468461 -0.7633894 -0.5969118
vn  0.11563049 -0.3708081 -0.921483
vn  0.2131919 -0.35322604 -0.910923
vn  -0.048965256 0.11484804 -0.9921756
vn  0.12241261 0.15157378 -0.9808368
vn  -0.0011617675 0.61574176 -0.7879472
vn  -0.20043556 0.5697149 -0.7970261
vn  -0.0011617675 0.61574176 -0.7879472
vn  -0.1244246 0.9149344 -0.38394484
vn  0.0587884 0.9360632 -0.34688536
vn  0.20363316 0.636829 -0.7436279
vn  -0.21435322 0.9689874 0.12294774
vn  -0.10181392 0.9844982 0.14281789
vn  -0.2468461 0.7633894 0.5969118
vn  -0.23513976 0.76912504 0.5942691
vn  -0.2131919 0.35322604 0.910923
vn  -0.30545536 0.34764796 0.886475
vn  -0.12241261 -0.15157378 0.9808368
vn  -0.29391956 -0.16696994 0.9411335
vn  0.0011617675 -0.61574176 0.7879472
vn  -0.20363316 -0.636829 0.7436279
vn  0.1244246 -0.9149344 0.38394484
vn  -0.0587884 -0.9360632 0.34688536
vn  0.21435322 -0.9689874 -0.12294774
vn  0.10181392 -0.9844982 -0.14281789
vn  0.2468461 -0.7633894 -0.5969118
vn  0.23513976 -0.76912504 -0.5942691
vn  0.2131919 -0.35322604 -0.910923
vn  0.30545536 -0.34764796 -0.886475
vn  0.12241261 0.15157378 -0.9808368
vn  0.29391956 0.16696994 -0.9411335
vn  0.20363316 0.636829 -0.7436279
vn  -0.0011617675 0.61574176 -0.7879472
vn  0.20363316 0.636829 -0.7436279
vn  0.0587884 0.9360632 -0.34688536
vn  0.25326156 0.9305337 -0.26451024
vn  0.4234782 0.6305366 -0.6504535
vn  -0.10181392 0.9844982 0.14281789
vn  0.015178468 0.9812144 0.19232238
vn  -0.23513976 0.76912504 0.5942691
vn  -0.22698132 0.76896624 0.59763744
vn  -0.30545536 0.34764796 0.886475
vn  -0.40831724 0.35065528 0.8428036
vn  -0.29391956 -0.16696994 0.9411335
vn  -0.4802348 -0.16160155 0.862125
vn  -0.20363316 -0.636829 0.7436279
vn  -0.4234782 -0.6305366 0.6504535
vn  -0.0587884 -0.9360632 0.34688536
vn  -0.25326156 -0.9305337 0.26451024
vn  0.10181392 -0.9844982 -0.14281789
vn  -0.015178468 -0.9812144 -0.19232238
vn  0.23513976 -0.76912504 -0.5942691
vn  0.22698132 -0.76896624 -0.59763744
vn  0.30545536 -0.34764796 -0.886475
vn  0.40831724 -0.35065528 -0.8428036
vn  0.29391956 0.16696994 -0.9411335
vn  0.4802348 0.16160155 -0.862125
vn  0.4234782 0.6305366 -0.6504535
vn  0.20363316 0.636829 -0.7436279
vn  0.4234782 0.6305366 -0.6504535
vn  0.25326156 0.9305337 -0.26451024
vn  0.42396984 0.8940212 -0.14482931
vn  0.6217691 0.59048944 -0.5145147
vn  0.015178468 0.9812144 0.19232238
vn  0.11256285 0.9580207 0.26367778
vn  -0.22698132 0.76896624 0.59763744
vn  -0.22901978 0.7653062 0.60154496
vn  -0.40831724 0.35065528 0.8428036
vn  -0.50923244 0.3675094 0.7782153
vn  -0.4802348 -0.16160155 0.862125
vn  -0.6529817 -0.12874969 0.74635008
vn  -0.4234782 -0.6305366 0.6504535
vn  -0.6217691 -0.59048944 0.5145147
vn  -0.25326156 -0.9305337 0.26451024
vn  -0.42396984 -0.8940212 0.14482931
vn  -0.015178468 -0.9812144 -0.19232238
vn  -0.11256285 -0.9580207 -0.26367778
vn  0.22698132 -0.76896624 -0.59763744
vn  0.22901978 -0.7653062 -0.60154496
vn  0.40831724 -0.35065528 -0.8428036
vn  0.50923244 -0.3675094 -0.7782153
vn  0.4802348 0.16160155 -0.862125
vn  0.6529817 0.12874969 -0.74635008
vn  0.6217691 0.59048944 -0.5145147
vn  0.4234782 0.6305366 -0.6504535
vn  0.6217691 0.59048944 -0.5145147
vn  0.42396984 0.8940212 -0.14482931
vn  0.5425774 0.8397782 -0.019552344
vn  0.7635062 0.52935904 -0.36991536
vn  0.11256285 0.9580207 0.26367778
vn  0.17625982 0.9251988 0.3360647
vn  -0.22901978 0.7653062 0.60154496
vn  -0.237304 0.7627015 0.6016422
vn  -0.50923244 0.3675094 0.7782153
vn  -0.5872779 0.39582004 0.70599656
vn  -0.6529817 -0.12874969 0.74635008
vn  -0.779873 -0.07711054 0.6211699
vn  -0.6217691 -0.59048944 0.5145147
vn  -0.7635062 -0.52935904 0.36991536
vn  -0.42396984 -0.8940212 0.14482931
vn  -0.5425774 -0.8397782 0.019552344
vn  -0.11256285 -0.9580207 -0.26367778
vn  -0.17625982 -0.9251988 -0.3360647
vn  0.22901978 -0.7653062 -0.60154496
vn  0.237304 -0.7627015 -0.6016422
vn  0.50923244 -0.3675094 -0.7782153
vn  0.5872779 -0.39582004 -0.70599656
vn  0.6529817 0.12874969 -0.74635008
vn  0.779873 0.07711054 -0.6211699
vn  0.7635062 0.52935904 -0.36991536
vn  0.6217691 0.59048944 -0.5145147
vn  0.7635062 0.52935904 -0.36991536
vn  0.5425774 0.8397782 -0.019552344
vn  0.6235913 0.77427744 0.10783455
vn  0.8631949 0.4540512 -0.22075348
vn  0.17625982 0.9251988 0.3360647
vn  0.21689084 0.8870553 0.40754288
vn  -0.237304 0.7627015 0.6016422
vn  -0.2479445 0.76213744 0.59805544
vn  -0.5872779 0.39582004 0.70599656
vn  -0.64633844 0.43298756 0.6283062
vn  -0.779873 -0.07711054 0.6211699
vn  -0.8715269 -0.012172316 0.49019656
vn  -0.7635062 -0.52935904 0.36991536
vn  -0.8631949 -0.4540512 0.22075348
vn  -0.5425774 -0.8397782 0.019552344
vn  -0.6235913 -0.77427744 -0.10783455
vn  -0.17625982 -0.9251988 -0.3360647
vn  -0.21689084 -0.8870553 -0.40754288
vn  0.237304 -0.7627015 -0.6016422
vn  0.2479445 -0.76213744 -0.59805544
vn  0.5872779 -0.39582004 -0.70599656
vn  0.64633844 -0.43298756 -0.6283062
vn  0.779873 0.07711054 -0.6211699
vn  0.8715269 0.012172316 -0.49019656
vn  0.8631949 0.4540512 -0.22075348
vn  0.7635062 0.52935904 -0.36991536
vn  0.8631949 0.4540512 -0.22075348
vn  0.6235913 0.77427744 0.10783455
vn  0.6597378 0.7245719 0.1993528
vn  0.9105014 0.3975286 -0.11383434
vn  0.21689084 0.8870553 0.40754288
vn  0.23219142 0.8574844 0.45913764
vn  -0.2479445 0.76213744 0.59805544
vn  -0.2575897 0.76062592 0.595899
vn  -0.64633844 0.43298756 0.6283062
vn  -0.6783447 0.45994144 0.5729768
vn  -0.8715269 -0.012172316 0.49019656
vn  -0.917318 0.036023376 0.39652256
vn  -0.8631949 -0.4540512 0.22075348
vn  -0.9105014 -0.3975286 0.11383434
vn  -0.6235913 -0.77427744 -0.10783455
vn  -0.6597378 -0.7245719 -0.1993528
vn  -0.21689084 -0.8870553 -0.40754288
vn  -0.23219142 -0.8574844 -0.45913764
vn  0.2479445 -0.76213744 -0.59805544
vn  0.2575897 -0.76062592 -0.595899
vn  0.64633844 -0.43298756 -0.6283062
vn  0.6783447 -0.45994144 -0.5729768
vn  0.8715269 0.012172316 -0.49019656
vn  0.917318 -0.036023376 -0.39652256
vn  0.9105014 0.3975286 -0.11383434
vn  0.8631949 0.4540512 -0.22075348
vn  0.9105014 0.3975286 -0.11383434
vn  0.6597378 0.7245719 0.1993528
vn  0.66716904 0.6977045 0.26094796
vn  0.9275196 0.3710835 -0.044769576
vn  0.23219142 0.8574844 0.45913764
vn  0.22804358 0.83739304 0.4967585
vn  -0.2575897 0.76062592 0.595899
vn  -0.27220496 0.75269408 0.5994632
vn  -0.6783447 0.45994144 0.5729768
vn  -0.69951024 0.4662954 0.5415294
vn  -0.917318 0.036023376 0.39652256
vn  -0.9393628 0.05496051 0.33849188
vn  -0.9105014 -0.3975286 0.11383434
vn  -0.9275196 -0.3710835 0.044769576
vn  -0.6597378 -0.7245719 -0.1993528
vn  -0.66716904 -0.6977045 -0.26094796
vn  -0.23219142 -0.8574844 -0.45913764
vn  -0.22804358 -0.83739304 -0.4967585
vn  0.2575897 -0.76062592 -0.595899
vn  0.27220496 -0.75269408 -0.5994632
vn  0.6783447 -0.45994144 -0.5729768
vn  0.69951024 -0.4662954 -0.5415294
vn  0.917318 -0.036023376 -0.39652256
vn  0.9393628 -0.05496051 -0.33849188
vn  0.9275196 0.3710835 -0.044769576
vn  0.9105014 0.3975286 -0.11383434
vn  0.9275196 0.3710835 -0.044769576
vn  0.66716904 0.6977045 0.26094796
vn  0.64671624 0.7028554 0.29623048
vn  0.9215188 0.38821944 -0.009409559
vn  0.22804358 0.83739304 0.4967585
vn  0.19861676 0.82917728 0.52250956
vn  -0.27220496 0.75269408 0.5994632
vn  -0.30271998 0.7333118 0.60878124
vn  -0.69951024 0.4662954 0.5415294
vn  -0.7229349 0.440941 0.5319174
vn  -0.9393628 0.05496051 0.33849188
vn  -0.9494212 0.030429424 0.3125273
vn  -0.9275196 -0.3710835 0.044769576
vn  -0.9215188 -0.38821944 0.009409559
vn  -0.66716904 -0.6977045 -0.26094796
vn  -0.64671624 -0.7028554 -0.29623048
vn  -0.22804358 -0.83739304 -0.4967585
vn  -0.19861676 -0.82917728 -0.52250956
vn  0.27220496 -0.75269408 -0.5994632
vn  0.30271998 -0.7333118 -0.60878124
vn  0.69951024 -0.4662954 -0.5415294
vn  0.7229349 -0.440941 -0.5319174
vn  0.9393628 -0.05496051 -0.33849188
vn  0.9494212 -0.030429424 -0.3125273
vn  0.9215188 0.38821944 -0.009409559
vn  0.9275196 0.3710835 -0.044769576
vn  0.9215188 0.38821944 -0.009409559
vn  0.64671624 0.7028554 0.29623048
vn  0.6467898 0.6906372 0.32354784
vn  0.923477 0.38346404 0.012071588
vn  0.19861676 0.82917728 0.52250956
vn  0.19678562 0.8127697 0.5483438
vn  -0.30271998 0.7333118 0.60878124
vn  -0.30596476 0.7171106 0.6262092
vn  -0.7229349 0.440941 0.5319174
vn  -0.7267234 0.42928844 0.5362691
vn  -0.9494212 0.030429424 0.3125273
vn  -0.9527387 0.026447752 0.3026374
vn  -0.9215188 -0.38821944 0.009409559
vn  -0.923477 -0.38346404 -0.012071588
vn  -0.64671624 -0.7028554 -0.29623048
vn  -0.6467898 -0.6906372 -0.32354784
vn  -0.19861676 -0.82917728 -0.52250956
vn  -0.19678562 -0.8127697 -0.5483438
vn  0.30271998 -0.7333118 -0.60878124
vn  0.30596476 -0.7171106 -0.6262092
vn  0.7229349 -0.440941 -0.5319174
vn  0.7267234 -0.42928844 -0.5362691
vn  0.9494212 -0.030429424 -0.3125273
vn  0.9527387 -0.026447752 -0.3026374
vn  0.923477 0.38346404 0.012071588
vn  0.9215188 0.38821944 -0.009409559
vn  0.923477 0.38346404 0.012071588
vn  0.6467898 0.6906372 0.32354784
vn  0.68522024 0.6411129 0.3456118
vn  0.9449469 0.3260691 0.027464702
vn  0.19678562 0.8127697 0.5483438
vn  0.24188156 0.78438624 0.5711668
vn  -0.30596476 0.7171106 0.6262092
vn  -0.2662876 0.7174761 0.6436762
vn  -0.7267234 0.42928844 0.5362691
vn  -0.7030987 0.4583042 0.5436998
vn  -0.9527387 0.026447752 0.3026374
vn  -0.951496 0.07633674 0.2980402
vn  -0.923477 -0.38346404 -0.012071588
vn  -0.9449469 -0.3260691 -0.027464702
vn  -0.6467898 -0.6906372 -0.32354784
vn  -0.68522024 -0.6411129 -0.3456118
vn  -0.19678562 -0.8127697 -0.5483438
vn  -0.24188156 -0.78438624 -0.5711668
vn  0.30596476 -0.7171106 -0.6262092
vn  0.2662876 -0.7174761 -0.6436762
vn  0.7267234 -0.42928844 -0.5362691
vn  0.7030987 -0.4583042 -0.5436998
vn  0.9527387 -0.026447752 -0.3026374
vn  0.951496 -0.07633674 -0.2980402
vn  0.9449469 0.3260691 0.027464702
vn  0.923477 0.38346404 0.012071588
vn  0.9449469 0.3260691 0.027464702
vn  0.68522024 0.6411129 0.3456118
vn  0.716441 0.5564058 0.42086196
vn  0.9675415 0.22763284 0.10975832
vn  0.24188156 0.78438624 0.5711668
vn  0.2733648 0.7361054 0.6192097
vn  -0.2662876 0.7174761 0.6436762
vn  -0.2429775 0.71856096 0.65163796
vn  -0.7030987 0.4583042 0.5436998
vn  -0.6942094 0.5084648 0.50944756
vn  -0.951496 0.07633674 0.2980402
vn  -0.9594098 0.16212945 0.2307527
vn  -0.9449469 -0.3260691 -0.027464702
vn  -0.9675415 -0.22763284 -0.10975832
vn  -0.68522024 -0.6411129 -0.3456118
vn  -0.716441 -0.5564058 -0.42086196
vn  -0.24188156 -0.78438624 -0.5711668
vn  -0.2733648 -0.7361054 -0.6192097
vn  0.2662876 -0.7174761 -0.6436762
vn  0.2429775 -0.71856096 -0.65163796
vn  0.7030987 -0.4583042 -0.5436998
vn  0.6942094 -0.5084648 -0.50944756
vn  0.951496 -0.07633674 -0.2980402
vn  0.9594098 -0.16212945 -0.2307527
vn  0.9675415 0.22763284 0.10975832
vn  0.9449469 0.3260691 0.027464702
vn  0.9675415 0.22763284 0.10975832
vn  0.716441 0.5564058 0.42086196
vn  0.714013 0.42686796 0.55494976
vn  0.9618725 0.07983121 0.2615881
vn  0.2733648 0.7361054 0.6192097
vn  0.27482912 0.6595397 0.6996259
vn  -0.2429775 0.71856096 0.65163796
vn  -0.23801132 0.71548656 0.656833
vn  -0.6942094 0.5084648 0.50944756
vn  -0.68707328 0.5797066 0.4380303
vn  -0.9594098 0.16212945 0.2307527
vn  -0.9520174 0.28859516 0.10186141
vn  -0.9675415 -0.22763284 -0.10975832
vn  -0.9618725 -0.07983121 -0.2615881
vn  -0.716441 -0.5564058 -0.42086196
vn  -0.714013 -0.42686796 -0.55494976
vn  -0.2733648 -0.7361054 -0.6192097
vn  -0.27482912 -0.6595397 -0.6996259
vn  0.2429775 -0.71856096 -0.65163796
vn  0.23801132 -0.71548656 -0.656833
vn  0.6942094 -0.5084648 -0.50944756
vn  0.68707328 -0.5797066 -0.4380303
vn  0.9594098 -0.16212945 -0.2307527
vn  0.9520174 -0.28859516 -0.10186141
vn  0.9618725 0.07983121 0.2615881
vn  0.9675415 0.22763284 0.10975832
vn  0.9618725 0.07983121 0.2615881
vn  0.714013 0.42686796 0.55494976
vn  0.6529407 0.28287264 0.70260344
vn  0.896897 -0.08610975 0.43377496
vn  0.27482912 0.6595397 0.6996259
vn  0.23402444 0.57607224 0.7831816
vn  -0.23801132 0.71548656 0.656833
vn  -0.2476122 0.7149149 0.6538998
vn  -0.68707328 0.5797066 0.4380303
vn  -0.662898 0.6621851 0.34939528
vn  -0.9520174 0.28859516 0.10186141
vn  -0.9005464 0.43202104 -0.04872371
vn  -0.9618725 -0.07983121 -0.2615881
vn  -0.896897 0.08610975 -0.43377496
vn  -0.714013 -0.42686796 -0.55494976
vn  -0.6529407 -0.28287264 -0.70260344
vn  -0.27482912 -0.6595397 -0.6996259
vn  -0.23402444 -0.57607224 -0.7831816
vn  0.23801132 -0.71548656 -0.656833
vn  0.2476122 -0.7149149 -0.6538998
vn  0.68707328 -0.5797066 -0.4380303
vn  0.662898 -0.6621851 -0.34939528
vn  0.9520174 -0.28859516 -0.10186141
vn  0.9005464 -0.43202104 0.04872371
vn  0.896897 -0.08610975 0.43377496
vn  0.9618725 0.07983121 0.2615881
vn  0.896897 -0.08610975 0.43377496
vn  0.6529407 0.28287264 0.70260344
vn  0.53137976 0.14302801 0.83497224
vn  0.76311696 -0.25265016 0.59482804
vn  0.23402444 0.57607224 0.7831816
vn  0.15725499 0.5003943 0.8513968
vn  -0.2476122 0.7149149 0.6538998
vn  -0.2590172 0.7236836 0.63968124
vn  -0.662898 0.6621851 0.34939528
vn  -0.60588224 0.75305176 0.2565536
vn  -0.9005464 0.43202104 -0.04872371
vn  -0.79039024 0.5806354 -0.19530952
vn  -0.896897 0.08610975 -0.43377496
vn  -0.76311696 0.25265016 -0.59482804
vn  -0.6529407 -0.28287264 -0.70260344
vn  -0.53137976 -0.14302801 -0.83497224
vn  -0.23402444 -0.57607224 -0.7831816
vn  -0.15725499 -0.5003943 -0.8513968
vn  0.2476122 -0.7149149 -0.6538998
vn  0.2590172 -0.7236836 -0.63968124
vn  0.662898 -0.6621851 -0.34939528
vn  0.60588224 -0.75305176 -0.2565536
vn  0.9005464 -0.43202104 0.04872371
vn  0.79039024 -0.5806354 0.19530952
vn  0.76311696 -0.25265016 0.59482804
vn  0.896897 -0.08610975 0.43377496
vn  0.76311696 -0.25265016 0.59482804
vn  0.53137976 0.14302801 0.83497224
vn  0.3739023 0.02914295 0.9270101
vn  0.58036444 -0.3943018 0.712533
vn  0.15725499 0.5003943 0.8513968
vn  0.067248376 0.4447919 0.8931056
vn  -0.2590172 0.7236836 0.63968124
vn  -0.2574331 0.7412644 0.61988324
vn  -0.60588224 0.75305176 0.2565536
vn  -0.5131316 0.8391044 0.18055382
vn  -0.79039024 0.5806354 -0.19530952
vn  -0.6313281 0.7121003 -0.3071448
vn  -0.76311696 0.25265016 -0.59482804
vn  -0.58036444 0.3943018 -0.712533
vn  -0.53137976 -0.14302801 -0.83497224
vn  -0.3739023 -0.02914295 -0.9270101
vn  -0.15725499 -0.5003943 -0.8513968
vn  -0.067248376 -0.4447919 -0.8931056
vn  0.2590172 -0.7236836 -0.63968124
vn  0.2574331 -0.7412644 -0.61988324
vn  0.60588224 -0.75305176 -0.2565536
vn  0.5131316 -0.8391044 -0.18055382
vn  0.79039024 -0.5806354 0.19530952
vn  0.6313281 -0.7121003 0.3071448
vn  0.58036444 -0.3943018 0.712533
vn  0.76311696 -0.25265016 0.59482804
vn  0.58036444 -0.3943018 0.712533
vn  0.3739023 0.02914295 0.9270101
vn  0.21854324 -0.05465479 0.9742955
vn  0.3899159 -0.49984736 0.77338096
vn  0.067248376 0.4447919 0.8931056
vn  -0.011392761 0.40519696 0.9141584
vn  -0.2574331 0.7412644 0.61988324
vn  -0.23828202 0.7564835 0.6090601
vn  -0.5131316 0.8391044 0.18055382
vn  -0.4013197 0.9050582 0.14075494
vn  -0.6313281 0.7121003 -0.3071448
vn  -0.45681764 0.8111149 -0.36525356
vn  -0.58036444 0.3943018 -0.712533
vn  -0.3899159 0.49984736 -0.77338096
vn  -0.3739023 -0.02914295 -0.9270101
vn  -0.21854324 0.05465479 -0.9742955
vn  -0.067248376 -0.4447919 -0.8931056
vn  0.011392761 -0.40519696 -0.9141584
vn  0.2574331 -0.7412644 -0.61988324
vn  0.23828202 -0.7564835 -0.6090601
vn  0.5131316 -0.8391044 -0.18055382
vn  0.4013197 -0.9050582 -0.14075494
vn  0.6313281 -0.7121003 0.3071448
vn  0.45681764 -0.8111149 0.36525356
vn  0.3899159 -0.49984736 0.77338096
vn  0.58036444 -0.3943018 0.712533
vn  0.3899159 -0.49984736 0.77338096
vn  0.21854324 -0.05465479 0.9742955
vn  0.066278676 -0.12862535 0.9894759
vn  0.20648144 -0.5832739 0.7855935
vn  -0.011392761 0.40519696 0.9141584
vn  -0.09168808 0.3605037 0.9282405
vn  -0.23828202 0.7564835 0.6090601
vn  -0.2250904 0.7530454 0.61826944
vn  -0.4013197 0.9050582 0.14075494
vn  -0.2981758 0.9437955 0.14262249
vn  -0.45681764 0.8111149 -0.36525356
vn  -0.29136162 0.8816456 -0.37122684
vn  -0.3899159 0.49984736 -0.77338096
vn  -0.20648144 0.5832739 -0.7855935
vn  -0.21854324 0.05465479 -0.9742955
vn  -0.066278676 0.12862535 -0.9894759
vn  0.011392761 -0.40519696 -0.9141584
vn  0.09168808 -0.3605037 -0.9282405
vn  0.23828202 -0.7564835 -0.6090601
vn  0.2250904 -0.7530454 -0.61826944
vn  0.4013197 -0.9050582 -0.14075494
vn  0.2981758 -0.9437955 -0.14262249
vn  0.45681764 -0.8111149 0.36525356
vn  0.29136162 -0.8816456 0.37122684
vn  0.20648144 -0.5832739 0.7855935
vn  0.3899159 -0.49984736 0.77338096
vn  0.20648144 -0.5832739 0.7855935
vn  0.066278676 -0.12862535 0.9894759
vn  -0.11052276 -0.19905006 0.9737371
vn  0.009454294 -0.65348144 0.7568835
vn  -0.09168808 0.3605037 0.9282405
vn  -0.20089044 0.30873252 0.9296921
vn  -0.2250904 0.7530454 0.61826944
vn  -0.23742978 0.7338028 0.63652224
vn  -0.2981758 0.9437955 0.14262249
vn  -0.21034532 0.9622372 0.17278352
vn  -0.29136162 0.8816456 -0.37122684
vn  -0.12689842 0.9328272 -0.3372389
vn  -0.20648144 0.5832739 -0.7855935
vn  -0.009454294 0.65348144 -0.7568835
vn  -0.066278676 0.12862535 -0.9894759
vn  0.11052276 0.19905006 -0.9737371
vn  0.09168808 -0.3605037 -0.9282405
vn  0.20089044 -0.30873252 -0.9296921
vn  0.2250904 -0.7530454 -0.61826944
vn  0.23742978 -0.7338028 -0.63652224
vn  0.2981758 -0.9437955 -0.14262249
vn  0.21034532 -0.9622372 -0.17278352
vn  0.29136162 -0.8816456 0.37122684
vn  0.12689842 -0.9328272 0.3372389
vn  0.009454294 -0.65348144 0.7568835
vn  0.20648144 -0.5832739 0.7855935
vn  0.009454294 -0.65348144 0.7568835
vn  -0.11052276 -0.19905006 0.9737371
vn  -0.30218152 -0.2379739 0.9230681
vn  -0.19255644 -0.6905931 0.69713928
vn  -0.20089044 0.30873252 0.9296921
vn  -0.33084372 0.27842638 0.9016769
vn  -0.23742978 0.7338028 0.63652224
vn  -0.2708527 0.7202375 0.638668
vn  -0.21034532 0.9622372 0.17278352
vn  -0.13828086 0.9690474 0.20451364
vn  -0.12689842 0.9328272 -0.3372389
vn  0.031339952 0.9581853 -0.28442704
vn  -0.009454294 0.65348144 -0.7568835
vn  0.19255644 0.6905931 -0.69713928
vn  0.11052276 0.19905006 -0.9737371
vn  0.30218152 0.2379739 -0.9230681
vn  0.20089044 -0.30873252 -0.9296921
vn  0.33084372 -0.27842638 -0.9016769
vn  0.23742978 -0.7338028 -0.63652224
vn  0.2708527 -0.7202375 -0.638668
vn  0.21034532 -0.9622372 -0.17278352
vn  0.13828086 -0.9690474 -0.20451364
vn  0.12689842 -0.9328272 0.3372389
vn  -0.031339952 -0.9581853 0.28442704
vn  -0.19255644 -0.6905931 0.69713928
vn  0.009454294 -0.65348144 0.7568835
vn  -0.19255644 -0.6905931 0.69713928
vn  -0.30218152 -0.2379739 0.9230681
vn  -0.5060044 -0.23202128 0.8307381
vn  -0.4202144 -0.6849097 0.59524656
vn  -0.33084372 0.27842638 0.9016769
vn  -0.4562183 0.2830544 0.8436499
vn  -0.2708527 0.7202375 0.638668
vn  -0.2841797 0.7223016 0.6304937
vn  -0.13828086 0.9690474 0.20451364
vn  -0.03598812 0.9679936 0.24838162
vn  0.031339952 0.9581853 -0.28442704
vn  0.22183784 0.954295 -0.20027252
vn  0.19255644 0.6905931 -0.69713928
vn  0.4202144 0.6849097 -0.59524656
vn  0.30218152 0.2379739 -0.9230681
vn  0.5060044 0.23202128 -0.8307381
vn  0.33084372 -0.27842638 -0.9016769
vn  0.4562183 -0.2830544 -0.8436499
vn  0.2708527 -0.7202375 -0.638668
vn  0.2841797 -0.7223016 -0.6304937
vn  0.13828086 -0.9690474 -0.20451364
vn  0.03598812 -0.9679936 -0.24838162
vn  -0.031339952 -0.9581853 0.28442704
vn  -0.22183784 -0.954295 0.20027252
vn  -0.4202144 -0.6849097 0.59524656
vn  -0.19255644 -0.6905931 0.69713928
vn  -0.4202144 -0.6849097 0.59524656
vn  -0.5060044 -0.23202128 0.8307381
vn  -0.6976456 -0.17290264 0.69526624
vn  -0.6478229 -0.62107204 0.44112936
vn  -0.4562183 0.2830544 0.8436499
vn  -0.560542 0.32161424 0.7631231
vn  -0.2841797 0.7223016 0.6304937
vn  -0.27322672 0.7299694 0.6264918
vn  -0.03598812 0.9679936 0.24838162
vn  0.08730672 0.9427131 0.3219772
vn  0.22183784 0.954295 -0.20027252
vn  0.42443204 0.902842 -0.06880224
vn  0.4202144 0.6849097 -0.59524656
vn  0.6478229 0.62107204 -0.44112936
vn  0.5060044 0.23202128 -0.8307381
vn  0.6976456 0.17290264 -0.69526624
vn  0.4562183 -0.2830544 -0.8436499
vn  0.560542 -0.32161424 -0.7631231
vn  0.2841797 -0.7223016 -0.6304937
vn  0.27322672 -0.7299694 -0.6264918
vn  0.03598812 -0.9679936 -0.24838162
vn  -0.08730672 -0.9427131 -0.3219772
vn  -0.22183784 -0.954295 0.20027252
vn  -0.42443204 -0.902842 0.06880224
vn  -0.6478229 -0.62107204 0.44112936
vn  -0.4202144 -0.6849097 0.59524656
vn  -0.6478229 -0.621072 0.4411293
vn  -0.6976456 -0.17290264 0.69526624
vn  -0.82411928 -0.08569108 0.55989696
vn  -0.8068696 -0.52043004 0.2794883
vn  -0.560542 0.32161424 0.7631231
vn  -0.62055244 0.37202716 0.6902974
vn  -0.27322672 0.7299694 0.6264918
vn  -0.2506908 0.7300725 0.63572656
vn  0.08730674 0.9427131 0.3219772
vn  0.1863495 0.8924789 0.41079844
vn  0.42443204 0.9028419 -0.06880222
vn  0.5734396 0.8157334 0.07580256
vn  0.6478229 0.621072 -0.4411293
vn  0.8068696 0.52043004 -0.2794883
vn  0.6976456 0.17290264 -0.69526624
vn  0.82411928 0.08569108 -0.55989696
vn  0.560542 -0.32161424 -0.7631231
vn  0.62055244 -0.37202716 -0.6902974
vn  0.27322672 -0.7299694 -0.6264918
vn  0.2506908 -0.7300725 -0.63572656
vn  -0.08730674 -0.9427131 -0.3219772
vn  -0.1863495 -0.8924789 -0.41079844
vn  -0.42443204 -0.9028419 0.06880222
vn  -0.5734396 -0.8157334 -0.07580256
vn  -0.8068696 -0.52043004 0.2794883
vn  -0.6478229 -0.621072 0.4411293
vn  -0.8068696 -0.52043004 0.2794883
vn  -0.82411928 -0.08569108 0.55989696
vn  -0.8958953 0.0061289024 0.44422284
vn  -0.8997768 -0.41307412 0.14061168
vn  -0.62055244 0.37202716 0.6902974
vn  -0.6519641 0.42370744 0.62882024
vn  -0.2506908 0.7300725 0.63572656
vn  -0.23331988 0.72776192 0.64492196
vn  0.1863495 0.8924789 0.41079844
vn  0.2478472 0.8367972 0.4882031
vn  0.5734396 0.8157334 0.07580256
vn  0.6625847 0.72160376 0.20067306
vn  0.8068696 0.52043004 -0.2794883
vn  0.8997768 0.41307412 -0.14061168
vn  0.82411928 0.08569108 -0.55989696
vn  0.8958953 -0.0061289024 -0.44422284
vn  0.62055244 -0.37202716 -0.6902974
vn  0.6519641 -0.42370744 -0.62882024
vn  0.2506908 -0.7300725 -0.63572656
vn  0.23331988 -0.72776192 -0.64492196
vn  -0.1863495 -0.8924789 -0.41079844
vn  -0.2478472 -0.8367972 -0.4882031
vn  -0.5734396 -0.8157334 -0.07580256
vn  -0.6625847 -0.72160376 -0.20067306
vn  -0.8997768 -0.41307412 0.14061168
vn  -0.8068696 -0.52043004 0.2794883
vn  -0.8997768 -0.41307412 0.14061168
vn  -0.8958953 0.0061289024 0.44422284
vn  -0.9222441 0.07672295 0.37891876
vn  -0.9385734 -0.33798744 0.06960309
vn  -0.6519641 0.42370744 0.62882024
vn  -0.65880344 0.4708931 0.5867178
vn  -0.23331988 0.72776192 0.64492196
vn  -0.21881696 0.7388931 0.6373036
vn  0.2478472 0.8367972 0.4882031
vn  0.27980496 0.8088915 0.517111
vn  0.6625847 0.72160376 0.20067306
vn  0.7034338 0.6621411 0.25836038
vn  0.8997768 0.41307412 -0.14061168
vn  0.9385734 0.33798744 -0.06960309
vn  0.8958953 -0.0061289024 -0.44422284
vn  0.9222441 -0.07672295 -0.37891876
vn  0.6519641 -0.42370744 -0.62882024
vn  0.65880344 -0.4708931 -0.5867178
vn  0.23331988 -0.72776192 -0.64492196
vn  0.21881696 -0.7388931 -0.6373036
vn  -0.2478472 -0.8367972 -0.4882031
vn  -0.27980496 -0.8088915 -0.517111
vn  -0.6625847 -0.72160376 -0.20067306
vn  -0.7034338 -0.6621411 -0.25836038
vn  -0.9385734 -0.33798744 0.06960309
vn  -0.8997768 -0.41307412 0.14061168
vn  -0.9385734 -0.33798744 0.06960309
vn  -0.9222441 0.07672295 0.37891876
vn  -0.9098149 0.15046568 0.38677764
vn  -0.9568048 -0.2746773 0.09527245
vn  -0.65880344 0.4708931 0.5867178
vn  -0.61903944 0.5353103 0.5746591
vn  -0.21881696 0.7388931 0.6373036
vn  -0.16237275 0.7767203 0.60855604
vn  0.27980496 0.8088915 0.517111
vn  0.3378008 0.80999176 0.4793787
vn  0.7034338 0.6621411 0.25836038
vn  0.7474412 0.62622344 0.22175622
vn  0.9385734 0.33798744 -0.06960309
vn  0.9568048 0.2746773 -0.09527245
vn  0.9222441 -0.07672295 -0.37891876
vn  0.9098149 -0.15046568 -0.38677764
vn  0.65880344 -0.4708931 -0.5867178
vn  0.61903944 -0.5353103 -0.5746591
vn  0.21881696 -0.7388931 -0.6373036
vn  0.16237275 -0.7767203 -0.60855604
vn  -0.27980496 -0.8088915 -0.517111
vn  -0.3378008 -0.80999176 -0.4793787
vn  -0.7034338 -0.6621411 -0.25836038
vn  -0.7474412 -0.62622344 -0.22175622
vn  -0.9568048 -0.2746773 0.09527245
vn  -0.9385734 -0.33798744 0.06960309
vn  -0.9568048 -0.2746773 0.09527245
vn  -0.9098149 0.15046568 0.38677764
vn  -0.9237589 0.1458674 0.35410764
vn  -0.956702 -0.28333462 0.066653904
vn  -0.6190395 0.5353103 0.5746592
vn  -0.6432954 0.5360032 0.5466914
vn  -0.16237275 0.7767203 0.6085562
vn  -0.19044138 0.78251976 0.59278576
vn  0.33780076 0.80999176 0.4793787
vn  0.31344212 0.8193436 0.4800316
vn  0.7474412 0.62622344 0.22175622
vn  0.7333191 0.636621 0.23865616
vn  0.9568048 0.2746773 -0.09527245
vn  0.956702 0.28333462 -0.066653904
vn  0.9098149 -0.15046568 -0.38677764
vn  0.9237589 -0.1458674 -0.35410764
vn  0.6190395 -0.5353103 -0.5746592
vn  0.6432954 -0.5360032 -0.5466914
vn  0.16237275 -0.7767203 -0.6085562
vn  0.19044138 -0.78251976 -0.59278576
vn  -0.33780076 -0.80999176 -0.4793787
vn  -0.31344212 -0.8193436 -0.4800316
vn  -0.7474412 -0.62622344 -0.22175622
vn  -0.7333191 -0.636621 -0.23865616
vn  -0.956702 -0.28333462 0.066653904
vn  -0.9568048 -0.2746773 0.09527245
vn  -0.956702 -0.28333462 0.066653904
vn  -0.9237589 0.1458674 0.35410764
vn  -0.9516524 0.1587868 0.26295338
vn  -0.9634532 -0.26586204 -0.03278786
vn  -0.6432954 0.5360032 0.5466914
vn  -0.68485976 0.5409065 0.4882492
vn  -0.19044138 0.78251976 0.59278576
vn  -0.23453996 0.778094 0.5827184
vn  0.31344212 0.8193436 0.4800316
vn  0.27862798 0.8067759 0.5210369
vn  0.7333191 0.636621 0.23865616
vn  0.7171187 0.6192779 0.3197434
vn  0.956702 0.28333462 -0.066653904
vn  0.9634532 0.26586204 0.03278786
vn  0.9237589 -0.1458674 -0.35410764
vn  0.9516524 -0.1587868 -0.26295338
vn  0.6432954 -0.5360032 -0.5466914
vn  0.68485976 -0.5409065 -0.4882492
vn  0.19044138 -0.78251976 -0.59278576
vn  0.23453996 -0.778094 -0.5827184
vn  -0.31344212 -0.8193436 -0.4800316
vn  -0.27862798 -0.8067759 -0.5210369
vn  -0.7333191 -0.636621 -0.23865616
vn  -0.7171187 -0.6192779 -0.3197434
vn  -0.9634532 -0.26586204 -0.03278786
vn  -0.956702 -0.28333462 0.066653904
vn  -0.9634532 -0.26586204 -0.03278786
vn  -0.9516524 0.1587868 0.26295338
vn  -0.9651276 0.2300972 0.12483525
vn  -0.9651359 -0.18275712 -0.18738376
vn  -0.68485976 0.5409065 0.4882492
vn  -0.7065186 0.58131324 0.40361676
vn  -0.23453996 0.778094 0.5827184
vn  -0.2585803 0.7767694 0.57425224
vn  0.27862798 0.8067759 0.5210369
vn  0.25864888 0.76407592 0.5910064
vn  0.7171187 0.6192779 0.3197434
vn  0.7065559 0.54664524 0.44939704
vn  0.9634532 0.26586204 0.03278786
vn  0.9651359 0.18275712 0.18738376
vn  0.9516524 -0.1587868 -0.26295338
vn  0.9651276 -0.2300972 -0.12483525
vn  0.68485976 -0.5409065 -0.4882492
vn  0.7065186 -0.58131324 -0.40361676
vn  0.23453996 -0.778094 -0.5827184
vn  0.2585803 -0.7767694 -0.57425224
vn  -0.27862798 -0.8067759 -0.5210369
vn  -0.25864888 -0.76407592 -0.5910064
vn  -0.7171187 -0.6192779 -0.3197434
vn  -0.7065559 -0.54664524 -0.44939704
vn  -0.9651359 -0.18275712 -0.18738376
vn  -0.9634532 -0.26586204 -0.03278786
vn  -0.9651359 -0.18275712 -0.18738376
vn  -0.9651276 0.2300972 0.12483525
vn  -0.9354049 0.351127 -0.041564436
vn  -0.9260599 -0.044941464 -0.37469096
vn  -0.7065186 0.58131324 0.40361676
vn  -0.69411344 0.6531259 0.30270984
vn  -0.2585803 0.7767694 0.57425224
vn  -0.26681956 0.78012056 0.5658793
vn  0.25864888 0.76407592 0.5910064
vn  0.23197336 0.6980694 0.6774122
vn  0.7065559 0.54664524 0.44939704
vn  0.66859444 0.4289692 0.6074264
vn  0.9651359 0.18275712 0.18738376
vn  0.9260599 0.044941464 0.37469096
vn  0.9651276 -0.2300972 -0.12483525
vn  0.9354049 -0.351127 0.041564436
vn  0.7065186 -0.58131324 -0.40361676
vn  0.69411344 -0.6531259 -0.30270984
vn  0.2585803 -0.7767694 -0.57425224
vn  0.26681956 -0.78012056 -0.5658793
vn  -0.25864888 -0.76407592 -0.5910064
vn  -0.23197336 -0.6980694 -0.6774122
vn  -0.7065559 -0.54664524 -0.44939704
vn  -0.66859444 -0.4289692 -0.6074264
vn  -0.9260599 -0.044941464 -0.37469096
vn  -0.9651359 -0.18275712 -0.18738376
vn  -0.9260599 -0.044941464 -0.37469096
vn  -0.9354049 0.351127 -0.041564436
vn  -0.8401374 0.50168204 -0.20611728
vn  -0.81703472 0.12694039 -0.5624415
vn  -0.69411344 0.6531259 0.30270984
vn  -0.6381306 0.7420118 0.2054453
vn  -0.26681956 0.78012056 0.5658793
vn  -0.26512528 0.7835184 0.5619675
vn  0.23197336 0.6980694 0.6774122
vn  0.17892528 0.6150696 0.767903
vn  0.66859444 0.4289692 0.6074264
vn  0.5750214 0.28181372 0.76807
vn  0.9260599 0.044941464 0.37469096
vn  0.81703472 -0.12694039 0.5624415
vn  0.9354049 -0.351127 0.041564436
vn  0.8401374 -0.50168204 0.20611728
vn  0.69411344 -0.6531259 -0.30270984
vn  0.6381306 -0.7420118 -0.2054453
vn  0.26681956 -0.78012056 -0.5658793
vn  0.26512528 -0.7835184 -0.5619675
vn  -0.23197336 -0.6980694 -0.6774122
vn  -0.17892528 -0.6150696 -0.767903
vn  -0.66859444 -0.4289692 -0.6074264
vn  -0.5750214 -0.28181372 -0.76807
vn  -0.81703472 0.12694039 -0.5624415
vn  -0.9260599 -0.044941464 -0.37469096
vn  -0.81703472 0.12694039 -0.5624415
vn  -0.8401374 0.50168204 -0.20611728
vn  -0.63960604 0.6827645 -0.353181
vn  -0.58825924 0.33712004 -0.7350519
vn  -0.6381306 0.7420118 0.2054453
vn  -0.51957596 0.8454761 0.12333338
vn  -0.26512528 0.7835184 0.5619675
vn  -0.26031736 0.7816387 0.566812
vn  0.17892528 0.6150696 0.767903
vn  0.068698024 0.5083494 0.8584063
vn  0.5750214 0.28181372 0.76807
vn  0.37929784 0.09885109 0.9199791
vn  0.81703472 -0.12694039 0.5624415
vn  0.58825924 -0.33712004 0.7350519
vn  0.8401374 -0.50168204 0.20611728
vn  0.63960604 -0.6827645 0.353181
vn  0.6381306 -0.7420118 -0.2054453
vn  0.51957596 -0.8454761 -0.12333338
vn  0.26512528 -0.7835184 -0.5619675
vn  0.26031736 -0.7816387 -0.566812
vn  -0.17892528 -0.6150696 -0.767903
vn  -0.068698024 -0.5083494 -0.8584063
vn  -0.5750214 -0.28181372 -0.76807
vn  -0.37929784 -0.09885109 -0.9199791
vn  -0.58825924 0.33712004 -0.7350519
vn  -0.81703472 0.12694039 -0.5624415
vn  -0.58825924 0.33712004 -0.7350519
vn  -0.63960604 0.6827645 -0.353181
vn  -0.2721291 0.870159 -0.41081524
vn  -0.15947889 0.56231196 -0.81140128
vn  -0.51957596 0.8454761 0.12333338
vn  -0.31186796 0.9448632 0.0998595
vn  -0.26031736 0.7816387 0.566812
vn  -0.26803936 0.7663825 0.58379176
vn  0.068698024 0.5083494 0.8584063
vn  -0.15238465 0.38253548 0.9112879
vn  0.37929784 0.09885109 0.9199791
vn  0.0040991828 -0.10380356 0.9945894
vn  0.58825924 -0.33712004 0.7350519
vn  0.15947889 -0.56231196 0.81140128
vn  0.63960604 -0.6827645 0.353181
vn  0.2721291 -0.870159 0.41081524
vn  0.51957596 -0.8454761 -0.12333338
vn  0.31186796 -0.9448632 -0.0998595
vn  0.26031736 -0.7816387 -0.566812
vn  0.26803936 -0.7663825 -0.58379176
vn  -0.068698024 -0.5083494 -0.8584063
vn  0.15238465 -0.38253548 -0.9112879
vn  -0.37929784 -0.09885109 -0.9199791
vn  -0.0040991828 0.10380356 -0.9945894
vn  -0.15947889 0.56231196 -0.81140128
vn  -0.58825924 0.33712004 -0.7350519
vn  -0.15947889 0.56231196 -0.81140128
vn  -0.2721291 0.870159 -0.41081524
vn  -0.04967024 0.9308162 -0.3620968
vn  0.10414048 0.6397254 -0.7615157
vn  -0.31186796 0.9448632 0.0998595
vn  -0.19017814 0.9725121 0.13435928
vn  -0.26803936 0.7663825 0.58379176
vn  -0.27972998 0.7536111 0.594829
vn  -0.15238465 0.38253548 0.9112879
vn  -0.29432262 0.33276462 0.8959028
vn  0.0040991828 -0.10380356 0.9945894
vn  -0.2300493 -0.17723416 0.956904
vn  0.15947889 -0.56231196 0.81140128
vn  -0.10414048 -0.6397254 0.7615157
vn  0.2721291 -0.870159 0.41081524
vn  0.04967024 -0.9308162 0.3620968
vn  0.31186796 -0.9448632 -0.0998595
vn  0.19017814 -0.9725121 -0.13435928
vn  0.26803936 -0.7663825 -0.58379176
vn  0.27972998 -0.7536111 -0.594829
vn  0.15238465 -0.38253548 -0.9112879
vn  0.29432262 -0.33276462 -0.8959028
vn  -0.0040991828 0.10380356 -0.9945894
vn  0.2300493 0.17723416 -0.956904
vn  0.10414048 0.6397254 -0.7615157
vn  -0.15947889 0.56231196 -0.81140128
vn  0.10414048 0.6397254 -0.7615157
vn  -0.049670256 0.9308163 -0.36209672
vn  0.1722978 0.9522131 -0.25219764
vn  0.37232612 0.6728079 -0.6392986
vn  -0.19017814 0.9725121 0.13435928
vn  -0.07390557 0.9764905 0.20249548
vn  -0.27972998 0.7536111 0.594829
vn  -0.3003137 0.7391016 0.60294304
vn  -0.29432262 0.33276462 0.8959028
vn  -0.4462459 0.30365502 0.8418184
vn  -0.2300493 -0.17723416 0.956904
vn  -0.4725986 -0.21314098 0.8551149
vn  -0.10414048 -0.6397254 0.7615157
vn  -0.37232612 -0.6728079 0.6392986
vn  0.049670256 -0.9308163 0.36209672
vn  -0.1722978 -0.9522131 0.25219764
vn  0.19017814 -0.9725121 -0.13435928
vn  0.07390557 -0.9764905 -0.20249548
vn  0.27972998 -0.7536111 -0.594829
vn  0.3003137 -0.7391016 -0.60294304
vn  0.29432262 -0.33276462 -0.8959028
vn  0.4462459 -0.30365502 -0.8418184
vn  0.2300493 0.17723416 -0.956904
vn  0.4725986 0.21314098 -0.8551149
vn  0.37232612 0.6728079 -0.6392986
vn  0.10414048 0.6397254 -0.7615157
vn  0.37232612 0.6728079 -0.6392986
vn  0.1722978 0.9522132 -0.25219764
vn  0.33998076 0.9329399 -0.11847399
vn  0.5787863 0.65581904 -0.4846729
vn  -0.07390557 0.9764905 0.20249548
vn  0.010067758 0.9600968 0.27948662
vn  -0.3003137 0.7391016 0.60294304
vn  -0.3225552 0.72997904 0.6025684
vn  -0.4462459 0.30365502 0.8418184
vn  -0.56874096 0.3042484 0.7641772
vn  -0.4725986 -0.21314098 0.8551149
vn  -0.6625201 -0.20298952 0.72101496
vn  -0.37232612 -0.6728079 0.6392986
vn  -0.5787863 -0.65581904 0.4846729
vn  -0.1722978 -0.9522132 0.25219764
vn  -0.33998076 -0.9329399 0.11847399
vn  0.07390557 -0.9764905 -0.20249548
vn  -0.010067758 -0.9600968 -0.27948662
vn  0.3003137 -0.7391016 -0.60294304
vn  0.3225552 -0.72997904 -0.6025684
vn  0.4462459 -0.30365502 -0.8418184
vn  0.56874096 -0.3042484 -0.7641772
vn  0.4725986 0.21314098 -0.8551149
vn  0.6625201 0.20298952 -0.72101496
vn  0.5787863 0.65581904 -0.4846729
vn  0.37232612 0.6728079 -0.6392986
vn  0.5787863 0.65581904 -0.4846729
vn  0.33998076 0.9329399 -0.11847399
vn  0.4775592 0.8771891 0.04976446
vn  0.7500678 0.5952821 -0.28816224
vn  0.010067758 0.9600968 0.27948662
vn  0.077077272 0.9240692 0.374373
vn  -0.3225552 0.72997904 0.6025684
vn  -0.34407296 0.72332928 0.59867244
vn  -0.56874096 0.3042484 0.7641772
vn  -0.6730186 0.328759 0.6625434
vn  -0.6625201 -0.2029895 0.7210147
vn  -0.8216132 -0.15388674 0.5488812
vn  -0.5787863 -0.65581904 0.4846729
vn  -0.7500678 -0.5952821 0.28816224
vn  -0.33998076 -0.9329399 0.11847399
vn  -0.4775592 -0.8771891 -0.04976446
vn  -0.010067758 -0.9600968 -0.27948662
vn  -0.077077272 -0.9240692 -0.374373
vn  0.3225552 -0.72997904 -0.6025684
vn  0.34407296 -0.72332928 -0.59867244
vn  0.56874096 -0.3042484 -0.7641772
vn  0.6730186 -0.328759 -0.6625434
vn  0.6625201 0.2029895 -0.7210147
vn  0.8216132 0.15388674 -0.5488812
vn  0.7500678 0.5952821 -0.28816224
vn  0.5787863 0.65581904 -0.4846729
vn  0.7500678 0.5952821 -0.28816224
vn  0.4775592 0.8771891 0.04976447
vn  0.54618096 0.81706344 0.18464516
vn  0.8377887 0.5297635 -0.13213905
vn  0.077077272 0.9240692 0.374373
vn  0.10821152 0.8854459 0.4519687
vn  -0.34407296 0.72332928 0.59867244
vn  -0.35876924 0.71655872 0.59818744
vn  -0.6730185 0.328759 0.6625434
vn  -0.72960656 0.35565672 0.5841084
vn  -0.82161328 -0.15388674 0.5488811
vn  -0.9049295 -0.10052947 0.41351716
vn  -0.7500678 -0.5952821 0.28816224
vn  -0.8377887 -0.5297635 0.13213905
vn  -0.4775592 -0.8771891 -0.04976447
vn  -0.54618096 -0.81706344 -0.18464516
vn  -0.077077272 -0.9240692 -0.374373
vn  -0.10821152 -0.8854459 -0.4519687
vn  0.34407296 -0.72332928 -0.59867244
vn  0.35876924 -0.71655872 -0.59818744
vn  0.6730185 -0.328759 -0.6625434
vn  0.72960656 -0.35565672 -0.5841084
vn  0.82161328 0.15388674 -0.5488811
vn  0.9049295 0.10052947 -0.41351716
vn  0.8377887 0.5297635 -0.13213905
vn  0.7500678 0.5952821 -0.28816224
vn  0.8377887 0.5297635 -0.13213905
vn  0.54618096 0.81706344 0.18464516
vn  0.5745015 0.7695222 0.27889684
vn  0.8761832 0.4812014 -0.027352928
vn  0.10821152 0.8854459 0.4519687
vn  0.11886874 0.8516637 0.51043056
vn  -0.35876924 0.71655872 0.59818744
vn  -0.36863064 0.7055881 0.6051916
vn  -0.72960656 0.35565672 0.5841084
vn  -0.7573434 0.37043828 0.53777904
vn  -0.9049295 -0.10052947 0.41351716
vn  -0.9431101 -0.06395727 0.3262711
vn  -0.8377887 -0.5297635 0.13213905
vn  -0.8761832 -0.4812014 0.027352928
vn  -0.54618096 -0.81706344 -0.18464516
vn  -0.5745015 -0.7695222 -0.27889684
vn  -0.10821152 -0.8854459 -0.4519687
vn  -0.11886874 -0.8516637 -0.51043056
vn  0.35876924 -0.71655872 -0.59818744
vn  0.36863064 -0.7055881 -0.6051916
vn  0.72960656 -0.35565672 -0.5841084
vn  0.7573434 -0.37043828 -0.53777904
vn  0.9049295 0.10052947 -0.41351716
vn  0.9431101 0.06395727 -0.3262711
vn  0.8761832 0.4812014 -0.027352928
vn  0.8377887 0.5297635 -0.13213905
vn  0.8761832 0.4812014 -0.027352928
vn  0.5745015 0.7695222 0.27889684
vn  0.5888954 0.7369797 0.3317578
vn  0.8950545 0.44467096 0.03384373
vn  0.11886874 0.8516637 0.51043056
vn  0.12492848 0.8318282 0.54079096
vn  -0.36863064 0.7055881 0.6051916
vn  -0.37252856 0.7037757 0.60491504
vn  -0.7573434 0.37043828 0.53777904
vn  -0.7701545 0.387135 0.5069404
vn  -0.9431101 -0.06395727 0.3262711
vn  -0.9614019 -0.03322638 0.2731348
vn  -0.8761832 -0.4812014 0.027352928
vn  -0.8950545 -0.44467096 -0.03384373
vn  -0.5745015 -0.7695222 -0.27889684
vn  -0.5888954 -0.7369797 -0.3317578
vn  -0.11886874 -0.8516637 -0.51043056
vn  -0.12492848 -0.8318282 -0.54079096
vn  0.36863064 -0.7055881 -0.6051916
vn  0.37252856 -0.7037757 -0.60491504
vn  0.7573434 -0.37043828 -0.53777904
vn  0.7701545 -0.387135 -0.5069404
vn  0.9431101 0.06395727 -0.3262711
vn  0.9614019 0.03322638 -0.2731348
vn  0.8950545 0.44467096 0.03384373
vn  0.8761832 0.4812014 -0.027352928
vn  0.8950545 0.44467096 0.03384373
vn  0.5888954 0.7369797 0.3317578
vn  0.5979037 0.7148056 0.36271756
vn  0.9033024 0.4244881 0.06208788
vn  0.12492848 0.8318282 0.54079096
vn  0.13228345 0.81360424 0.5661707
vn  -0.37252856 0.7037757 0.60491504
vn  -0.36879756 0.6943855 0.6179136
vn  -0.7701545 0.387135 0.5069404
vn  -0.7710471 0.38909484 0.50407484
vn  -0.9614019 -0.03322638 0.2731348
vn  -0.9666791 -0.020442068 0.25517364
vn  -0.8950545 -0.44467096 -0.03384373
vn  -0.9033024 -0.4244881 -0.06208788
vn  -0.5888954 -0.7369797 -0.3317578
vn  -0.5979037 -0.7148056 -0.36271756
vn  -0.12492848 -0.8318282 -0.54079096
vn  -0.13228345 -0.81360424 -0.5661707
vn  0.37252856 -0.7037757 -0.60491504
vn  0.36879756 -0.6943855 -0.6179136
vn  0.7701545 -0.387135 -0.5069404
vn  0.7710471 -0.38909484 -0.50407484
vn  0.9614019 0.03322638 -0.2731348
vn  0.9666791 0.020442068 -0.25517364
vn  0.9033024 0.4244881 0.06208788
vn  0.8950545 0.44467096 0.03384373
vn  0.9033024 0.4244881 0.06208788
vn  0.5979037 0.7148056 0.36271756
vn  0.5858786 0.74369056 0.32197912
vn  0.8944546 0.4460139 0.031979412
vn  0.13228345 0.81360424 0.5661707
vn  0.12030312 0.8421093 0.52571776
vn  -0.36879756 0.6943855 0.6179136
vn  -0.3775232 0.7148721 0.5885865
vn  -0.7710471 0.38909484 0.50407484
vn  -0.7741801 0.39607312 0.49373204
vn  -0.9666791 -0.020442068 0.25517364
vn  -0.9633797 -0.028841456 0.2665855
vn  -0.9033024 -0.4244881 -0.06208788
vn  -0.8944546 -0.4460139 -0.031979412
vn  -0.5979037 -0.7148056 -0.36271756
vn  -0.5858786 -0.74369056 -0.32197912
vn  -0.13228345 -0.81360424 -0.5661707
vn  -0.12030312 -0.8421093 -0.52571776
vn  0.36879756 -0.6943855 -0.6179136
vn  0.3775232 -0.7148721 -0.5885865
vn  0.7710471 -0.38909484 -0.50407484
vn  0.7741801 -0.39607312 -0.49373204
vn  0.9666791 0.020442068 -0.25517364
vn  0.9633797 0.028841456 -0.2665855
vn  0.8944546 0.4460139 0.031979412
vn  0.9033024 0.4244881 0.06208788
vn  0.5858782 0.7436909 0.3219794
vn  0.55087524 0.8080553 0.20876552
vn  0.12030371 0.8421093 0.5257176
vn  0.07305681 0.9266842 0.36867212
vn  -0.3775232 0.7148721 0.5885865
vn  -0.7741804 0.3960727 0.4937319
vn  -0.9752084 -0.011085119 0.2210109
vn  -0.9633796 -0.028840962 0.2665858
vn  -0.8944546 -0.4460139 -0.031979412
vn  -0.8810751 -0.4729236 0.00707071
vn  -0.5858782 -0.7436909 -0.3219794
vn  -0.55087524 -0.8080553 -0.20876552
vn  -0.12030371 -0.8421093 -0.5257176
vn  0.3775232 -0.7148721 -0.5885865
vn  0.7741804 -0.3960727 -0.4937319
vn  0.8080475 -0.4537384 -0.3757403
vn  0.9752084 0.011085119 -0.2210109
vn  0.9633796 0.028840962 -0.2665858
vn  0.8944546 0.4460139 0.031979412
vn  0.8810751 0.4729236 -0.00707071
vn  0.20888398 -0.37570004 0.9028937
vn  0.20888398 -0.37570004 0.9028937
vn  0.20888398 -0.37570004 0.9028937
vn  0.20888398 -0.37570004 0.9028937
vn  -0.07305681 -0.9266842 -0.36867212
vn  0.20888398 -0.37570004 0.9028937
vn  0.20888398 -0.37570004 0.9028937
vn  -0.8080475 0.4537384 0.3757403
vn  0.20888398 -0.37570004 0.9028937
vn  0.424354 -0.796996 -0.42979196
vn  -0.424354 0.796996 0.42979196
vn  0.20888398 -0.37570004 0.9028937
vn  0.5858782 0.7436909 0.3219794
vn  0.55087524 0.8080553 0.20876552
vn  -0.5858782 -0.7436909 -0.3219794
vn  -0.55087524 -0.8080553 -0.20876552
vn  -0.07305681 -0.9266842 -0.36867212
vn  0.8810751 0.4729236 -0.00707071
vn  0.8944546 0.4460139 0.031979412
vn  0.20888398 -0.37570004 0.9028937
vn  0.20888398 -0.37570004 0.9028937
vn  0.20888398 -0.37570004 0.9028937
vn  0.20888398 -0.37570004 0.9028937
vn  0.20888398 -0.37570004 0.9028937
vn  0.20888398 -0.37570004 0.9028937
vn  0.20888398 -0.37570004 0.9028937
vn  0.20888398 -0.37570004 0.9028937
vn  0.20888398 -0.37570004 0.9028937
vn  0.20888398 -0.37570004 0.9028937
vn  0.20888398 -0.37570004 0.9028937
vn  0.20888398 -0.37570004 0.9028937
vn  0.20888398 -0.37570004 0.9028937
vn  0.20888398 -0.37570004 0.9028937
vn  0.20888398 -0.37570004 0.9028937
vn  0.20888398 -0.37570004 0.9028937

vt 0.083333344 0.041919436
vt 0.083333344 00
vt 0.16666669 0.041919436
vt 0.16666669 00
vt 0.25 0.041919436
vt 0.33333338 0.041919436
vt 0.4166666 00
vt 0.4166666 0.041919436
vt 0.5 0.041919436
vt 0.5 00
vt 0.58333324 0.041919436
vt 0.58333324 00
vt 0.66666676 0.041919436
vt 0.75 0.041919436
vt 0.8333332 0.041919436
vt 0.8333332 00
vt 0.9166668 00
vt 0.9166668 0.041919436
vt 01 0.041919436
vt 01 00
vt 01 00
vt 01 00
vt 01 00
vt 01 00
vt 00 00
vt 00 00
vt 01 00
vt 00 00
vt 00 00
vt 00 00
vt 01 00
vt 01 00
vt 0.083333344 0.041919436
vt 0.083333344 00
vt 0.58333324 0.041919436
vt 0.58333324 00
vt 00 00
vt 01 00
vt 01 0.041919436
vt 0.16666669 00
vt 0.083333344 00
vt 0.9166668 00
vt 0.8333332 00
vt 00 00
vt 00 00
vt 0.58333324 00
vt 00 00
vt 01 00
vt 0.4166666 00
vt 0.4166666 00
vt 00 00
vt 01 00
vt 00 00
vt 00 00
vt 01 00
vt 00 0.041919436
vt 0.083333008 0.041919436
vt 0.083333008 0.09996172
vt 00 0.09996172
vt 0.16666701 0.041919436
vt 0.16666701 0.09996172
vt 0.25 0.041919436
vt 0.25 0.09996172
vt 0.33333298 0.041919436
vt 0.33333298 0.09996172
vt 0.41666704 0.041919436
vt 0.41666704 0.09996172
vt 0.5 0.041919436
vt 0.5 0.09996172
vt 0.583333 0.041919436
vt 0.583333 0.09996172
vt 0.666667 0.041919436
vt 0.666667 0.09996172
vt 0.75 0.041919436
vt 0.75 0.09996172
vt 0.833333 0.041919436
vt 0.833333 0.09996172
vt 0.916667 0.041919436
vt 0.916667 0.09996172
vt 01 0.09996172
vt 01 0.041919436
vt 00 0.09996172
vt 0.083333008 0.09996172
vt 0.083333008 0.15800401
vt 00 0.15800401
vt 0.16666701 0.09996172
vt 0.16666701 0.15800401
vt 0.25 0.09996172
vt 0.25 0.15800401
vt 0.33333298 0.09996172
vt 0.33333298 0.15800401
vt 0.41666704 0.09996172
vt 0.41666704 0.15800401
vt 0.5 0.09996172
vt 0.5 0.15800401
vt 0.583333 0.09996172
vt 0.583333 0.15800401
vt 0.666667 0.09996172
vt 0.666667 0.15800401
vt 0.75 0.09996172
vt 0.75 0.15800401
vt 0.833333 0.09996172
vt 0.833333 0.15800401
vt 0.916667 0.09996172
vt 0.916667 0.15800401
vt 01 0.15800401
vt 01 0.09996172
vt 00 0.15800401
vt 0.083333008 0.15800401
vt 0.083333008 0.17918638
vt 00 0.17918638
vt 0.16666701 0.15800401
vt 0.16666701 0.17918638
vt 0.25 0.15800401
vt 0.25 0.17918638
vt 0.33333298 0.15800401
vt 0.33333298 0.17918638
vt 0.41666704 0.15800401
vt 0.41666704 0.17918638
vt 0.5 0.15800401
vt 0.5 0.17918638
vt 0.583333 0.15800401
vt 0.583333 0.17918638
vt 0.666667 0.15800401
vt 0.666667 0.17918638
vt 0.75 0.15800401
vt 0.75 0.17918638
vt 0.833333 0.15800401
vt 0.833333 0.17918638
vt 0.916667 0.15800401
vt 0.916667 0.17918638
vt 01 0.17918638
vt 01 0.15800401
vt 00 0.17918638
vt 0.083333008 0.17918638
vt 0.083333008 0.18886008
vt 00 0.18886008
vt 0.16666701 0.17918638
vt 0.16666701 0.18886008
vt 0.25 0.17918638
vt 0.25 0.18886008
vt 0.33333298 0.17918638
vt 0.33333298 0.18886008
vt 0.41666704 0.17918638
vt 0.41666704 0.18886008
vt 0.5 0.17918638
vt 0.5 0.18886008
vt 0.583333 0.17918638
vt 0.583333 0.18886008
vt 0.666667 0.17918638
vt 0.666667 0.18886008
vt 0.75 0.17918638
vt 0.75 0.18886008
vt 0.833333 0.17918638
vt 0.833333 0.18886008
vt 0.916667 0.17918638
vt 0.916667 0.18886008
vt 01 0.18886008
vt 01 0.17918638
vt 00 0.18886008
vt 0.083333008 0.18886008
vt 0.083333008 0.19638406
vt 00 0.19638406
vt 0.16666701 0.18886008
vt 0.16666701 0.19638406
vt 0.25 0.18886008
vt 0.25 0.19638406
vt 0.33333298 0.18886008
vt 0.33333298 0.19638406
vt 0.41666704 0.18886008
vt 0.41666704 0.19638406
vt 0.5 0.18886008
vt 0.5 0.19638406
vt 0.583333 0.18886008
vt 0.583333 0.19638406
vt 0.666667 0.18886008
vt 0.666667 0.19638406
vt 0.75 0.18886008
vt 0.75 0.19638406
vt 0.833333 0.18886008
vt 0.833333 0.19638406
vt 0.916667 0.18886008
vt 0.916667 0.19638406
vt 01 0.19638406
vt 01 0.18886008
vt 00 0.19638406
vt 0.083333008 0.19638406
vt 0.083333008 0.20283322
vt 00 0.20283322
vt 0.16666701 0.19638406
vt 0.16666701 0.20283322
vt 0.25 0.19638406
vt 0.25 0.20283322
vt 0.33333298 0.19638406
vt 0.33333298 0.20283322
vt 0.41666704 0.19638406
vt 0.41666704 0.20283322
vt 0.5 0.19638406
vt 0.5 0.20283322
vt 0.583333 0.19638406
vt 0.583333 0.20283322
vt 0.666667 0.19638406
vt 0.666667 0.20283322
vt 0.75 0.19638406
vt 0.75 0.20283322
vt 0.833333 0.19638406
vt 0.833333 0.20283322
vt 0.916667 0.19638406
vt 0.916667 0.20283322
vt 01 0.20283322
vt 01 0.19638406
vt 00 0.20283322
vt 0.083333008 0.20283322
vt 0.083333008 0.20928238
vt 00 0.20928238
vt 0.16666701 0.20283322
vt 0.16666701 0.20928238
vt 0.25 0.20283322
vt 0.25 0.20928238
vt 0.33333298 0.20283322
vt 0.33333298 0.20928238
vt 0.41666704 0.20283322
vt 0.41666704 0.20928238
vt 0.5 0.20283322
vt 0.5 0.20928238
vt 0.583333 0.20283322
vt 0.583333 0.20928238
vt 0.666667 0.20283322
vt 0.666667 0.20928238
vt 0.75 0.20283322
vt 0.75 0.20928238
vt 0.833333 0.20283322
vt 0.833333 0.20928238
vt 0.916667 0.20283322
vt 0.916667 0.20928238
vt 01 0.20928238
vt 01 0.20283322
vt 00 0.20928238
vt 0.083333008 0.20928238
vt 0.083333008 0.21573152
vt 00 0.21573152
vt 0.16666701 0.20928238
vt 0.16666701 0.21573152
vt 0.25 0.20928238
vt 0.25 0.21573152
vt 0.33333298 0.20928238
vt 0.33333298 0.21573152
vt 0.41666704 0.20928238
vt 0.41666704 0.21573152
vt 0.5 0.20928238
vt 0.5 0.21573152
vt 0.583333 0.20928238
vt 0.583333 0.21573152
vt 0.666667 0.20928238
vt 0.666667 0.21573152
vt 0.75 0.20928238
vt 0.75 0.21573152
vt 0.833333 0.20928238
vt 0.833333 0.21573152
vt 0.916667 0.20928238
vt 0.916667 0.21573152
vt 01 0.21573152
vt 01 0.20928238
vt 00 0.21573152
vt 0.083333008 0.21573152
vt 0.083333008 0.22218064
vt 00 0.22218064
vt 0.16666701 0.21573152
vt 0.16666701 0.22218064
vt 0.25 0.21573152
vt 0.25 0.22218064
vt 0.33333298 0.21573152
vt 0.33333298 0.22218064
vt 0.41666704 0.21573152
vt 0.41666704 0.22218064
vt 0.5 0.21573152
vt 0.5 0.22218064
vt 0.583333 0.21573152
vt 0.583333 0.22218064
vt 0.666667 0.21573152
vt 0.666667 0.22218064
vt 0.75 0.21573152
vt 0.75 0.22218064
vt 0.833333 0.21573152
vt 0.833333 0.22218064
vt 0.916667 0.21573152
vt 0.916667 0.22218064
vt 01 0.22218064
vt 01 0.21573152
vt 00 0.22218064
vt 0.083333008 0.22218064
vt 0.083333008 0.22862978
vt 00 0.22862978
vt 0.16666701 0.22218064
vt 0.16666701 0.22862978
vt 0.25 0.22218064
vt 0.25 0.22862978
vt 0.33333298 0.22218064
vt 0.33333298 0.22862978
vt 0.41666704 0.22218064
vt 0.41666704 0.22862978
vt 0.5 0.22218064
vt 0.5 0.22862978
vt 0.583333 0.22218064
vt 0.583333 0.22862978
vt 0.666667 0.22218064
vt 0.666667 0.22862978
vt 0.75 0.22218064
vt 0.75 0.22862978
vt 0.833333 0.22218064
vt 0.833333 0.22862978
vt 0.916667 0.22218064
vt 0.916667 0.22862978
vt 01 0.22862978
vt 01 0.22218064
vt 00 0.22862978
vt 0.083333008 0.22862978
vt 0.083333008 0.23507896
vt 00 0.23507896
vt 0.16666701 0.22862978
vt 0.16666701 0.23507896
vt 0.25 0.22862978
vt 0.25 0.23507896
vt 0.33333298 0.22862978
vt 0.33333298 0.23507896
vt 0.41666704 0.22862978
vt 0.41666704 0.23507896
vt 0.5 0.22862978
vt 0.5 0.23507896
vt 0.583333 0.22862978
vt 0.583333 0.23507896
vt 0.666667 0.22862978
vt 0.666667 0.23507896
vt 0.75 0.22862978
vt 0.75 0.23507896
vt 0.833333 0.22862978
vt 0.833333 0.23507896
vt 0.916667 0.22862978
vt 0.916667 0.23507896
vt 01 0.23507896
vt 01 0.22862978
vt 00 0.23507896
vt 0.083333008 0.23507896
vt 0.083333008 0.2415281
vt 00 0.2415281
vt 0.16666701 0.23507896
vt 0.16666701 0.2415281
vt 0.25 0.23507896
vt 0.25 0.2415281
vt 0.33333298 0.23507896
vt 0.33333298 0.2415281
vt 0.41666704 0.23507896
vt 0.41666704 0.2415281
vt 0.5 0.23507896
vt 0.5 0.2415281
vt 0.583333 0.23507896
vt 0.583333 0.2415281
vt 0.666667 0.23507896
vt 0.666667 0.2415281
vt 0.75 0.23507896
vt 0.75 0.2415281
vt 0.833333 0.23507896
vt 0.833333 0.2415281
vt 0.916667 0.23507896
vt 0.916667 0.2415281
vt 01 0.2415281
vt 01 0.23507896
vt 00 0.2415281
vt 0.083333008 0.2415281
vt 0.083333008 0.24797724
vt 00 0.24797724
vt 0.16666701 0.2415281
vt 0.16666701 0.24797724
vt 0.25 0.2415281
vt 0.25 0.24797724
vt 0.33333298 0.2415281
vt 0.33333298 0.24797724
vt 0.41666704 0.2415281
vt 0.41666704 0.24797724
vt 0.5 0.2415281
vt 0.5 0.24797724
vt 0.583333 0.2415281
vt 0.583333 0.24797724
vt 0.666667 0.2415281
vt 0.666667 0.24797724
vt 0.75 0.2415281
vt 0.75 0.24797724
vt 0.833333 0.2415281
vt 0.833333 0.24797724
vt 0.916667 0.2415281
vt 0.916667 0.24797724
vt 01 0.24797724
vt 01 0.2415281
vt 00 0.24797724
vt 0.083333008 0.24797724
vt 0.083333008 0.25442638
vt 00 0.25442638
vt 0.16666701 0.24797724
vt 0.16666701 0.25442638
vt 0.25 0.24797724
vt 0.25 0.25442638
vt 0.33333298 0.24797724
vt 0.33333298 0.25442638
vt 0.41666704 0.24797724
vt 0.41666704 0.25442638
vt 0.5 0.24797724
vt 0.5 0.25442638
vt 0.583333 0.24797724
vt 0.583333 0.25442638
vt 0.666667 0.24797724
vt 0.666667 0.25442638
vt 0.75 0.24797724
vt 0.75 0.25442638
vt 0.833333 0.24797724
vt 0.833333 0.25442638
vt 0.916667 0.24797724
vt 0.916667 0.25442638
vt 01 0.25442638
vt 01 0.24797724
vt 00 0.25442638
vt 0.083333008 0.25442638
vt 0.083333008 0.2608755
vt 00 0.2608755
vt 0.16666701 0.25442638
vt 0.16666701 0.2608755
vt 0.25 0.25442638
vt 0.25 0.2608755
vt 0.33333298 0.25442638
vt 0.33333298 0.2608755
vt 0.41666704 0.25442638
vt 0.41666704 0.2608755
vt 0.5 0.25442638
vt 0.5 0.2608755
vt 0.583333 0.25442638
vt 0.583333 0.2608755
vt 0.666667 0.25442638
vt 0.666667 0.2608755
vt 0.75 0.25442638
vt 0.75 0.2608755
vt 0.833333 0.25442638
vt 0.833333 0.2608755
vt 0.916667 0.25442638
vt 0.916667 0.2608755
vt 01 0.2608755
vt 01 0.25442638
vt 00 0.2608755
vt 0.083333008 0.2608755
vt 0.083333008 0.26947438
vt 00 0.26947438
vt 0.16666701 0.2608755
vt 0.16666701 0.26947438
vt 0.25 0.2608755
vt 0.25 0.26947438
vt 0.33333298 0.2608755
vt 0.33333298 0.26947438
vt 0.41666704 0.2608755
vt 0.41666704 0.26947438
vt 0.5 0.2608755
vt 0.5 0.26947438
vt 0.583333 0.2608755
vt 0.583333 0.26947438
vt 0.666667 0.2608755
vt 0.666667 0.26947438
vt 0.75 0.2608755
vt 0.75 0.26947438
vt 0.833333 0.2608755
vt 0.833333 0.26947438
vt 0.916667 0.2608755
vt 0.916667 0.26947438
vt 01 0.26947438
vt 01 0.2608755
vt 00 0.26947438
vt 0.083333008 0.26947438
vt 0.083333008 0.2823727
vt 00 0.2823727
vt 0.16666701 0.26947438
vt 0.16666701 0.2823727
vt 0.25 0.26947438
vt 0.25 0.2823727
vt 0.33333298 0.26947438
vt 0.33333298 0.2823727
vt 0.41666704 0.26947438
vt 0.41666704 0.2823727
vt 0.5 0.26947438
vt 0.5 0.2823727
vt 0.583333 0.26947438
vt 0.583333 0.2823727
vt 0.666667 0.26947438
vt 0.666667 0.2823727
vt 0.75 0.26947438
vt 0.75 0.2823727
vt 0.833333 0.26947438
vt 0.833333 0.2823727
vt 0.916667 0.26947438
vt 0.916667 0.2823727
vt 01 0.2823727
vt 01 0.26947438
vt 00 0.2823727
vt 0.083333008 0.2823727
vt 0.083333008 0.31060244
vt 00 0.31060244
vt 0.16666701 0.2823727
vt 0.16666701 0.31060244
vt 0.25 0.2823727
vt 0.25 0.31060244
vt 0.33333298 0.2823727
vt 0.33333298 0.31060244
vt 0.41666704 0.2823727
vt 0.41666704 0.31060244
vt 0.5 0.2823727
vt 0.5 0.31060244
vt 0.583333 0.2823727
vt 0.583333 0.31060244
vt 0.666667 0.2823727
vt 0.666667 0.31060244
vt 0.75 0.2823727
vt 0.75 0.31060244
vt 0.833333 0.2823727
vt 0.833333 0.31060244
vt 0.916667 0.2823727
vt 0.916667 0.31060244
vt 01 0.31060244
vt 01 0.2823727
vt 00 0.31060244
vt 0.083333008 0.31060244
vt 0.083333008 0.39569964
vt 00 0.39569964
vt 0.16666701 0.31060244
vt 0.16666701 0.39569964
vt 0.25 0.31060244
vt 0.25 0.39569964
vt 0.33333298 0.31060244
vt 0.33333298 0.39569964
vt 0.41666704 0.31060244
vt 0.41666704 0.39569964
vt 0.5 0.31060244
vt 0.5 0.39569964
vt 0.583333 0.31060244
vt 0.583333 0.39569964
vt 0.666667 0.31060244
vt 0.666667 0.39569964
vt 0.75 0.31060244
vt 0.75 0.39569964
vt 0.833333 0.31060244
vt 0.833333 0.39569964
vt 0.916667 0.31060244
vt 0.916667 0.39569964
vt 01 0.39569964
vt 01 0.31060244
vt 00 0.39569964
vt 0.083333008 0.39569964
vt 0.083333008 0.46878984
vt 00 0.46878984
vt 0.16666701 0.39569964
vt 0.16666701 0.46878984
vt 0.25 0.39569964
vt 0.25 0.46878984
vt 0.33333298 0.39569964
vt 0.33333298 0.46878984
vt 0.41666704 0.39569964
vt 0.41666704 0.46878984
vt 0.5 0.39569964
vt 0.5 0.46878984
vt 0.583333 0.39569964
vt 0.583333 0.46878984
vt 0.666667 0.39569964
vt 0.666667 0.46878984
vt 0.75 0.39569964
vt 0.75 0.46878984
vt 0.833333 0.39569964
vt 0.833333 0.46878984
vt 0.916667 0.39569964
vt 0.916667 0.46878984
vt 01 0.46878984
vt 01 0.39569964
vt 00 0.46878984
vt 0.083333008 0.46878984
vt 0.083333008 0.50748476
vt 00 0.50748476
vt 0.16666701 0.46878984
vt 0.16666701 0.50748476
vt 0.25 0.46878984
vt 0.25 0.50748476
vt 0.33333298 0.46878984
vt 0.33333298 0.50748476
vt 0.41666704 0.46878984
vt 0.41666704 0.50748476
vt 0.5 0.46878984
vt 0.5 0.50748476
vt 0.583333 0.46878984
vt 0.583333 0.50748476
vt 0.666667 0.46878984
vt 0.666667 0.50748476
vt 0.75 0.46878984
vt 0.75 0.50748476
vt 0.833333 0.46878984
vt 0.833333 0.50748476
vt 0.916667 0.46878984
vt 0.916667 0.50748476
vt 01 0.50748476
vt 01 0.46878984
vt 00 0.50748476
vt 0.083333008 0.50748476
vt 0.083333008 0.52253276
vt 00 0.52253276
vt 0.16666701 0.50748476
vt 0.16666701 0.52253276
vt 0.25 0.50748476
vt 0.25 0.52253276
vt 0.33333298 0.50748476
vt 0.33333298 0.52253276
vt 0.41666704 0.50748476
vt 0.41666704 0.52253276
vt 0.5 0.50748476
vt 0.5 0.52253276
vt 0.583333 0.50748476
vt 0.583333 0.52253276
vt 0.666667 0.50748476
vt 0.666667 0.52253276
vt 0.75 0.50748476
vt 0.75 0.52253276
vt 0.833333 0.50748476
vt 0.833333 0.52253276
vt 0.916667 0.50748476
vt 0.916667 0.52253276
vt 01 0.52253276
vt 01 0.50748476
vt 00 0.52253276
vt 0.083333008 0.52253276
vt 0.083333008 0.5311316
vt 00 0.5311316
vt 0.16666701 0.52253276
vt 0.16666701 0.5311316
vt 0.25 0.52253276
vt 0.25 0.5311316
vt 0.33333298 0.52253276
vt 0.33333298 0.5311316
vt 0.41666704 0.52253276
vt 0.41666704 0.5311316
vt 0.5 0.52253276
vt 0.5 0.5311316
vt 0.583333 0.52253276
vt 0.583333 0.5311316
vt 0.666667 0.52253276
vt 0.666667 0.5311316
vt 0.75 0.52253276
vt 0.75 0.5311316
vt 0.833333 0.52253276
vt 0.833333 0.5311316
vt 0.916667 0.52253276
vt 0.916667 0.5311316
vt 01 0.5311316
vt 01 0.52253276
vt 00 0.5311316
vt 0.083333008 0.5311316
vt 0.083333008 0.5365059
vt 00 0.5365059
vt 0.16666701 0.5311316
vt 0.16666701 0.5365059
vt 0.25 0.5311316
vt 0.25 0.5365059
vt 0.33333298 0.5311316
vt 0.33333298 0.5365059
vt 0.41666704 0.5311316
vt 0.41666704 0.5365059
vt 0.5 0.5311316
vt 0.5 0.5365059
vt 0.583333 0.5311316
vt 0.583333 0.5365059
vt 0.666667 0.5311316
vt 0.666667 0.5365059
vt 0.75 0.5311316
vt 0.75 0.5365059
vt 0.833333 0.5311316
vt 0.833333 0.5365059
vt 0.916667 0.5311316
vt 0.916667 0.5365059
vt 01 0.5365059
vt 01 0.5311316
vt 00 0.5365059
vt 0.083333008 0.5365059
vt 0.083333008 0.5408054
vt 00 0.5408054
vt 0.16666701 0.5365059
vt 0.16666701 0.5408054
vt 0.25 0.5365059
vt 0.25 0.5408054
vt 0.33333298 0.5365059
vt 0.33333298 0.5408054
vt 0.41666704 0.5365059
vt 0.41666704 0.5408054
vt 0.5 0.5365059
vt 0.5 0.5408054
vt 0.583333 0.5365059
vt 0.583333 0.5408054
vt 0.666667 0.5365059
vt 0.666667 0.5408054
vt 0.75 0.5365059
vt 0.75 0.5408054
vt 0.833333 0.5365059
vt 0.833333 0.5408054
vt 0.916667 0.5365059
vt 0.916667 0.5408054
vt 01 0.5408054
vt 01 0.5365059
vt 00 0.5408054
vt 0.083333008 0.5408054
vt 0.083333008 0.54510476
vt 00 0.54510476
vt 0.16666701 0.5408054
vt 0.16666701 0.54510476
vt 0.25 0.5408054
vt 0.25 0.54510476
vt 0.33333298 0.5408054
vt 0.33333298 0.54510476
vt 0.41666704 0.5408054
vt 0.41666704 0.54510476
vt 0.5 0.5408054
vt 0.5 0.54510476
vt 0.583333 0.5408054
vt 0.583333 0.54510476
vt 0.666667 0.5408054
vt 0.666667 0.54510476
vt 0.75 0.5408054
vt 0.75 0.54510476
vt 0.833333 0.5408054
vt 0.833333 0.54510476
vt 0.916667 0.5408054
vt 0.916667 0.54510476
vt 01 0.54510476
vt 01 0.5408054
vt 00 0.54510476
vt 0.083333008 0.54510476
vt 0.083333008 0.55047904
vt 00 0.55047904
vt 0.16666701 0.54510476
vt 0.16666701 0.55047904
vt 0.25 0.54510476
vt 0.25 0.55047904
vt 0.33333298 0.54510476
vt 0.33333298 0.55047904
vt 0.41666704 0.54510476
vt 0.41666704 0.55047904
vt 0.5 0.54510476
vt 0.5 0.55047904
vt 0.583333 0.54510476
vt 0.583333 0.55047904
vt 0.666667 0.54510476
vt 0.666667 0.55047904
vt 0.75 0.54510476
vt 0.75 0.55047904
vt 0.833333 0.54510476
vt 0.833333 0.55047904
vt 0.916667 0.54510476
vt 0.916667 0.55047904
vt 01 0.55047904
vt 01 0.54510476
vt 00 0.55047904
vt 0.083333008 0.55047904
vt 0.083333008 0.5569282
vt 00 0.5569282
vt 0.16666701 0.55047904
vt 0.16666701 0.5569282
vt 0.25 0.55047904
vt 0.25 0.5569282
vt 0.33333298 0.55047904
vt 0.33333298 0.5569282
vt 0.41666704 0.55047904
vt 0.41666704 0.5569282
vt 0.5 0.55047904
vt 0.5 0.5569282
vt 0.583333 0.55047904
vt 0.583333 0.5569282
vt 0.666667 0.55047904
vt 0.666667 0.5569282
vt 0.75 0.55047904
vt 0.75 0.5569282
vt 0.833333 0.55047904
vt 0.833333 0.5569282
vt 0.916667 0.55047904
vt 0.916667 0.5569282
vt 01 0.5569282
vt 01 0.55047904
vt 00 0.5569282
vt 0.083333008 0.5569282
vt 0.083333008 0.5644521
vt 00 0.5644521
vt 0.16666701 0.5569282
vt 0.16666701 0.5644521
vt 0.25 0.5569282
vt 0.25 0.5644521
vt 0.33333298 0.5569282
vt 0.33333298 0.5644521
vt 0.41666704 0.5569282
vt 0.41666704 0.5644521
vt 0.5 0.5569282
vt 0.5 0.5644521
vt 0.583333 0.5569282
vt 0.583333 0.5644521
vt 0.666667 0.5569282
vt 0.666667 0.5644521
vt 0.75 0.5569282
vt 0.75 0.5644521
vt 0.833333 0.5569282
vt 0.833333 0.5644521
vt 0.916667 0.5569282
vt 0.916667 0.5644521
vt 01 0.5644521
vt 01 0.5569282
vt 00 0.5644521
vt 0.083333008 0.5644521
vt 0.083333008 0.5709014
vt 00 0.5709014
vt 0.16666701 0.5644521
vt 0.16666701 0.5709014
vt 0.25 0.5644521
vt 0.25 0.5709014
vt 0.33333298 0.5644521
vt 0.33333298 0.5709014
vt 0.41666704 0.5644521
vt 0.41666704 0.5709014
vt 0.5 0.5644521
vt 0.5 0.5709014
vt 0.583333 0.5644521
vt 0.583333 0.5709014
vt 0.666667 0.5644521
vt 0.666667 0.5709014
vt 0.75 0.5644521
vt 0.75 0.5709014
vt 0.833333 0.5644521
vt 0.833333 0.5709014
vt 0.916667 0.5644521
vt 0.916667 0.5709014
vt 01 0.5709014
vt 01 0.5644521
vt 00 0.5709014
vt 0.083333008 0.5709014
vt 0.083333008 0.57627556
vt 00 0.57627556
vt 0.16666701 0.5709014
vt 0.16666701 0.57627556
vt 0.25 0.5709014
vt 0.25 0.57627556
vt 0.33333298 0.5709014
vt 0.33333298 0.57627556
vt 0.41666704 0.5709014
vt 0.41666704 0.57627556
vt 0.5 0.5709014
vt 0.5 0.57627556
vt 0.583333 0.5709014
vt 0.583333 0.57627556
vt 0.666667 0.5709014
vt 0.666667 0.57627556
vt 0.75 0.5709014
vt 0.75 0.57627556
vt 0.833333 0.5709014
vt 0.833333 0.57627556
vt 0.916667 0.5709014
vt 0.916667 0.57627556
vt 01 0.57627556
vt 01 0.5709014
vt 00 0.57627556
vt 0.083333008 0.57627556
vt 0.083333008 0.5816499
vt 00 0.5816499
vt 0.16666701 0.57627556
vt 0.16666701 0.5816499
vt 0.25 0.57627556
vt 0.25 0.5816499
vt 0.33333298 0.57627556
vt 0.33333298 0.5816499
vt 0.41666704 0.57627556
vt 0.41666704 0.5816499
vt 0.5 0.57627556
vt 0.5 0.5816499
vt 0.583333 0.57627556
vt 0.583333 0.5816499
vt 0.666667 0.57627556
vt 0.666667 0.5816499
vt 0.75 0.57627556
vt 0.75 0.5816499
vt 0.833333 0.57627556
vt 0.833333 0.5816499
vt 0.916667 0.57627556
vt 0.916667 0.5816499
vt 01 0.5816499
vt 01 0.57627556
vt 00 0.5816499
vt 0.083333008 0.5816499
vt 0.083333008 0.58702424
vt 00 0.58702424
vt 0.16666701 0.5816499
vt 0.16666701 0.58702424
vt 0.25 0.5816499
vt 0.25 0.58702424
vt 0.33333298 0.5816499
vt 0.33333298 0.58702424
vt 0.41666704 0.5816499
vt 0.41666704 0.58702424
vt 0.5 0.5816499
vt 0.5 0.58702424
vt 0.583333 0.5816499
vt 0.583333 0.58702424
vt 0.666667 0.5816499
vt 0.666667 0.58702424
vt 0.75 0.5816499
vt 0.75 0.58702424
vt 0.833333 0.5816499
vt 0.833333 0.58702424
vt 0.916667 0.5816499
vt 0.916667 0.58702424
vt 01 0.58702424
vt 01 0.5816499
vt 00 0.58702424
vt 0.083333008 0.58702424
vt 0.083333008 0.59454824
vt 00 0.59454824
vt 0.16666701 0.58702424
vt 0.16666701 0.59454824
vt 0.25 0.58702424
vt 0.25 0.59454824
vt 0.33333298 0.58702424
vt 0.33333298 0.59454824
vt 0.41666704 0.58702424
vt 0.41666704 0.59454824
vt 0.5 0.58702424
vt 0.5 0.59454824
vt 0.583333 0.58702424
vt 0.583333 0.59454824
vt 0.666667 0.58702424
vt 0.666667 0.59454824
vt 0.75 0.58702424
vt 0.75 0.59454824
vt 0.833333 0.58702424
vt 0.833333 0.59454824
vt 0.916667 0.58702424
vt 0.916667 0.59454824
vt 01 0.59454824
vt 01 0.58702424
vt 00 0.59454824
vt 0.083333008 0.59454824
vt 0.083333008 0.610671
vt 00 0.610671
vt 0.16666701 0.59454824
vt 0.16666701 0.610671
vt 0.25 0.59454824
vt 0.25 0.610671
vt 0.33333298 0.59454824
vt 0.33333298 0.610671
vt 0.41666704 0.59454824
vt 0.41666704 0.610671
vt 0.5 0.59454824
vt 0.5 0.610671
vt 0.583333 0.59454824
vt 0.583333 0.610671
vt 0.666667 0.59454824
vt 0.666667 0.610671
vt 0.75 0.59454824
vt 0.75 0.610671
vt 0.833333 0.59454824
vt 0.833333 0.610671
vt 0.916667 0.59454824
vt 0.916667 0.610671
vt 01 0.610671
vt 01 0.59454824
vt 00 0.610671
vt 0.083333008 0.610671
vt 0.083333008 0.73062776
vt 00 0.73062776
vt 0.16666701 0.610671
vt 0.16666701 0.73062776
vt 0.25 0.610671
vt 0.25 0.73062776
vt 0.33333298 0.610671
vt 0.33333298 0.73062776
vt 0.41666704 0.610671
vt 0.41666704 0.73062776
vt 0.5 0.610671
vt 0.5 0.73062776
vt 0.583333 0.610671
vt 0.583333 0.73062776
vt 0.666667 0.610671
vt 0.666667 0.73062776
vt 0.75 0.610671
vt 0.75 0.73062776
vt 0.833333 0.610671
vt 0.833333 0.73062776
vt 0.916667 0.610671
vt 0.916667 0.73062776
vt 01 0.73062776
vt 01 0.610671
vt 00 0.73062776
vt 0.083333008 0.73062776
vt 0.083333008 0.7721619
vt 00 0.7721619
vt 0.16666701 0.73062776
vt 0.16666701 0.7721619
vt 0.25 0.73062776
vt 0.25 0.7721619
vt 0.33333298 0.73062776
vt 0.33333298 0.7721619
vt 0.41666704 0.73062776
vt 0.41666704 0.7721619
vt 0.5 0.73062776
vt 0.5 0.7721619
vt 0.583333 0.73062776
vt 0.583333 0.7721619
vt 0.666667 0.73062776
vt 0.666667 0.7721619
vt 0.75 0.73062776
vt 0.75 0.7721619
vt 0.833333 0.73062776
vt 0.833333 0.7721619
vt 0.916667 0.73062776
vt 0.916667 0.7721619
vt 01 0.7721619
vt 01 0.73062776
vt 00 0.7721619
vt 0.083333008 0.7721619
vt 0.083333008 0.7947339
vt 00 0.7947339
vt 0.16666701 0.7721619
vt 0.16666701 0.7947339
vt 0.25 0.7721619
vt 0.25 0.7947339
vt 0.33333298 0.7721619
vt 0.33333298 0.7947339
vt 0.41666704 0.7721619
vt 0.41666704 0.7947339
vt 0.5 0.7721619
vt 0.5 0.7947339
vt 0.583333 0.7721619
vt 0.583333 0.7947339
vt 0.666667 0.7721619
vt 0.666667 0.7947339
vt 0.75 0.7721619
vt 0.75 0.7947339
vt 0.833333 0.7721619
vt 0.833333 0.7947339
vt 0.916667 0.7721619
vt 0.916667 0.7947339
vt 01 0.7947339
vt 01 0.7721619
vt 00 0.7947339
vt 0.083333008 0.7947339
vt 0.083333008 0.8054825
vt 00 0.8054825
vt 0.16666701 0.7947339
vt 0.16666701 0.8054825
vt 0.25 0.7947339
vt 0.25 0.8054825
vt 0.33333298 0.7947339
vt 0.33333298 0.8054825
vt 0.41666704 0.7947339
vt 0.41666704 0.8054825
vt 0.5 0.7947339
vt 0.5 0.8054825
vt 0.583333 0.7947339
vt 0.583333 0.8054825
vt 0.666667 0.7947339
vt 0.666667 0.8054825
vt 0.75 0.7947339
vt 0.75 0.8054825
vt 0.833333 0.7947339
vt 0.833333 0.8054825
vt 0.916667 0.7947339
vt 0.916667 0.8054825
vt 01 0.8054825
vt 01 0.7947339
vt 00 0.8054825
vt 0.083333008 0.8054825
vt 0.083333008 0.81193176
vt 00 0.81193176
vt 0.16666701 0.8054825
vt 0.16666701 0.81193176
vt 0.25 0.8054825
vt 0.25 0.81193176
vt 0.33333298 0.8054825
vt 0.33333298 0.81193176
vt 0.41666704 0.8054825
vt 0.41666704 0.81193176
vt 0.5 0.8054825
vt 0.5 0.81193176
vt 0.583333 0.8054825
vt 0.583333 0.81193176
vt 0.666667 0.8054825
vt 0.666667 0.81193176
vt 0.75 0.8054825
vt 0.75 0.81193176
vt 0.833333 0.8054825
vt 0.833333 0.81193176
vt 0.916667 0.8054825
vt 0.916667 0.81193176
vt 01 0.81193176
vt 01 0.8054825
vt 00 0.81193176
vt 0.083333008 0.81193176
vt 0.083333008 0.8162312
vt 00 0.8162312
vt 0.16666701 0.81193176
vt 0.16666701 0.8162312
vt 0.25 0.81193176
vt 0.25 0.8162312
vt 0.33333298 0.81193176
vt 0.33333298 0.8162312
vt 0.41666704 0.81193176
vt 0.41666704 0.8162312
vt 0.5 0.81193176
vt 0.5 0.8162312
vt 0.583333 0.81193176
vt 0.583333 0.8162312
vt 0.666667 0.81193176
vt 0.666667 0.8162312
vt 0.75 0.81193176
vt 0.75 0.8162312
vt 0.833333 0.81193176
vt 0.833333 0.8162312
vt 0.916667 0.81193176
vt 0.916667 0.8162312
vt 01 0.8162312
vt 01 0.81193176
vt 00 0.8162312
vt 0.083333008 0.8162312
vt 0.083333008 0.8205305
vt 00 0.8205305
vt 0.16666701 0.8162312
vt 0.16666701 0.8205305
vt 0.25 0.8162312
vt 0.25 0.8205305
vt 0.33333298 0.8162312
vt 0.33333298 0.8205305
vt 0.41666704 0.8162312
vt 0.41666704 0.8205305
vt 0.5 0.8162312
vt 0.5 0.8205305
vt 0.583333 0.8162312
vt 0.583333 0.8205305
vt 0.666667 0.8162312
vt 0.666667 0.8205305
vt 0.75 0.8162312
vt 0.75 0.8205305
vt 0.833333 0.8162312
vt 0.833333 0.8205305
vt 0.916667 0.8162312
vt 0.916667 0.8205305
vt 01 0.8205305
vt 01 0.8162312
vt 00 0.8205305
vt 0.083333008 0.8205305
vt 0.083333008 0.8280507
vt 00 0.8280507
vt 0.16666701 0.8205305
vt 0.16666701 0.8280507
vt 0.25 0.8205305
vt 0.25 0.8280507
vt 0.33333298 0.8205305
vt 0.33333298 0.8280507
vt 0.41666704 0.8205305
vt 0.41666704 0.8280507
vt 0.5 0.8205305
vt 0.5 0.8280507
vt 0.583333 0.8205305
vt 0.583333 0.8280507
vt 0.666667 0.8205305
vt 0.666667 0.8280507
vt 0.75 0.8205305
vt 0.75 0.8280507
vt 0.833333 0.8205305
vt 0.833333 0.8280507
vt 0.916667 0.8205305
vt 0.916667 0.8280507
vt 01 0.8280507
vt 01 0.8205305
vt 00 0.8280507
vt 0.083333008 0.8280507
vt 0.083333008 0.833425
vt 00 0.833425
vt 0.16666701 0.8280507
vt 0.16666701 0.833425
vt 0.25 0.8280507
vt 0.25 0.833425
vt 0.33333298 0.8280507
vt 0.33333298 0.833425
vt 0.41666704 0.8280507
vt 0.41666704 0.833425
vt 0.5 0.8280507
vt 0.5 0.833425
vt 0.583333 0.8280507
vt 0.583333 0.833425
vt 0.666667 0.8280507
vt 0.666667 0.833425
vt 0.75 0.8280507
vt 0.75 0.833425
vt 0.833333 0.8280507
vt 0.833333 0.833425
vt 0.916667 0.8280507
vt 0.916667 0.833425
vt 01 0.833425
vt 01 0.8280507
vt 00 0.833425
vt 0.083333008 0.833425
vt 0.083333008 0.8387993
vt 00 0.8387993
vt 0.16666701 0.833425
vt 0.16666701 0.8387993
vt 0.25 0.833425
vt 0.25 0.8387993
vt 0.33333298 0.833425
vt 0.33333298 0.8387993
vt 0.41666704 0.833425
vt 0.41666704 0.8387993
vt 0.5 0.833425
vt 0.5 0.8387993
vt 0.583333 0.833425
vt 0.583333 0.8387993
vt 0.666667 0.833425
vt 0.666667 0.8387993
vt 0.75 0.833425
vt 0.75 0.8387993
vt 0.833333 0.833425
vt 0.833333 0.8387993
vt 0.916667 0.833425
vt 0.916667 0.8387993
vt 01 0.8387993
vt 01 0.833425
vt 00 0.8387993
vt 0.083333008 0.8387993
vt 0.083333008 0.8429347
vt 00 0.8429347
vt 0.16666701 0.8387993
vt 0.16666701 0.8429347
vt 0.25 0.8387993
vt 0.25 0.8429347
vt 0.33333298 0.8387993
vt 0.33333298 0.8429347
vt 0.41666704 0.8387993
vt 0.41666704 0.8429347
vt 0.5 0.8387993
vt 0.5 0.8429347
vt 0.583333 0.8387993
vt 0.583333 0.8429347
vt 0.666667 0.8387993
vt 0.666667 0.8429347
vt 0.75 0.8387993
vt 0.75 0.8429347
vt 0.833333 0.8387993
vt 0.833333 0.8429347
vt 0.916667 0.8387993
vt 0.916667 0.8429347
vt 01 0.8429347
vt 01 0.8387993
vt 00 0.8429347
vt 0.083333008 0.8429347
vt 0.083333008 0.848309
vt 00 0.848309
vt 0.16666701 0.8429347
vt 0.16666701 0.848309
vt 0.25 0.8429347
vt 0.25 0.848309
vt 0.33333298 0.8429347
vt 0.33333298 0.848309
vt 0.41666704 0.8429347
vt 0.41666704 0.848309
vt 0.5 0.8429347
vt 0.5 0.848309
vt 0.583333 0.8429347
vt 0.583333 0.848309
vt 0.666667 0.8429347
vt 0.666667 0.848309
vt 0.75 0.8429347
vt 0.75 0.848309
vt 0.833333 0.8429347
vt 0.833333 0.848309
vt 0.916667 0.8429347
vt 0.916667 0.848309
vt 01 0.848309
vt 01 0.8429347
vt 00 0.848309
vt 0.083333008 0.848309
vt 0.083333008 0.8558331
vt 00 0.8558331
vt 0.16666701 0.848309
vt 0.16666701 0.8558331
vt 0.25 0.848309
vt 0.25 0.8558331
vt 0.33333298 0.848309
vt 0.33333298 0.8558331
vt 0.41666704 0.848309
vt 0.41666704 0.8558331
vt 0.5 0.848309
vt 0.5 0.8558331
vt 0.583333 0.848309
vt 0.583333 0.8558331
vt 0.666667 0.848309
vt 0.666667 0.8558331
vt 0.75 0.848309
vt 0.75 0.8558331
vt 0.833333 0.848309
vt 0.833333 0.8558331
vt 0.916667 0.848309
vt 0.916667 0.8558331
vt 01 0.8558331
vt 01 0.848309
vt 00 0.8558331
vt 0.083333008 0.8558331
vt 0.083333008 0.8708809
vt 00 0.8708809
vt 0.16666701 0.8558331
vt 0.16666701 0.8708809
vt 0.25 0.8558331
vt 0.25 0.8708809
vt 0.33333298 0.8558331
vt 0.33333298 0.8708809
vt 0.41666704 0.8558331
vt 0.41666704 0.8708809
vt 0.5 0.8558331
vt 0.5 0.8708809
vt 0.583333 0.8558331
vt 0.583333 0.8708809
vt 0.666667 0.8558331
vt 0.666667 0.8708809
vt 0.75 0.8558331
vt 0.75 0.8708809
vt 0.833333 0.8558331
vt 0.833333 0.8708809
vt 0.916667 0.8558331
vt 0.916667 0.8708809
vt 01 0.8708809
vt 01 0.8558331
vt 00 0.8708809
vt 0.083333008 0.8708809
vt 0.083333008 0.8988274
vt 00 0.8988274
vt 0.16666701 0.8708809
vt 0.16666701 0.8988274
vt 0.25 0.8708809
vt 0.25 0.8988274
vt 0.33333298 0.8708809
vt 0.33333298 0.8988274
vt 0.41666704 0.8708809
vt 0.41666704 0.8988274
vt 0.5 0.8708809
vt 0.5 0.8988274
vt 0.583333 0.8708809
vt 0.583333 0.8988274
vt 0.666667 0.8708809
vt 0.666667 0.8988274
vt 0.75 0.8708809
vt 0.75 0.8988274
vt 0.833333 0.8708809
vt 0.833333 0.8988274
vt 0.916667 0.8708809
vt 0.916667 0.8988274
vt 01 0.8988274
vt 01 0.8708809
vt 00 0.8988274
vt 0.083333008 0.8988274
vt 0.083333008 0.9536449
vt 00 0.9536449
vt 0.16666701 0.8988274
vt 0.16666701 0.9536449
vt 0.25 0.8988274
vt 0.25 0.9536449
vt 0.33333298 0.8988274
vt 0.33333298 0.9536449
vt 0.41666704 0.8988274
vt 0.41666704 0.9536449
vt 0.5 0.8988274
vt 0.5 0.9536449
vt 0.583333 0.8988274
vt 0.583333 0.9536449
vt 0.666667 0.8988274
vt 0.666667 0.9536449
vt 0.75 0.8988274
vt 0.75 0.9536449
vt 0.833333 0.8988274
vt 0.833333 0.9536449
vt 0.916667 0.8988274
vt 0.916667 0.9536449
vt 01 0.9536449
vt 01 0.8988274
vt 00 0.9536449
vt 0.083333008 0.9536449
vt 0.083333008 0.9944897
vt 00 0.9944897
vt 0.16666701 0.9536449
vt 0.16666701 0.9944897
vt 0.25 0.9536449
vt 0.25 0.9944897
vt 0.33333298 0.9536449
vt 0.33333298 0.9944897
vt 0.41666704 0.9536449
vt 0.41666704 0.9944897
vt 0.5 0.9536449
vt 0.5 0.9944897
vt 0.583333 0.9536449
vt 0.583333 0.9944897
vt 0.666667 0.9536449
vt 0.666667 0.9944897
vt 0.75 0.9536449
vt 0.75 0.9944897
vt 0.833333 0.9536449
vt 0.833333 0.9944897
vt 0.916667 0.9536449
vt 0.916667 0.9944897
vt 01 0.9944897
vt 01 0.9536449
vt 0.083333344 0.9944897
vt 0.083333344 01
vt 0.16666669 0.9944897
vt 0.16666669 01
vt 0.25 0.9944897
vt 0.33333338 0.9944897
vt 0.4166666 01
vt 0.4166666 0.9944897
vt 0.5 0.9944897
vt 0.5 01
vt 0.58333324 0.9944897
vt 0.58333324 01
vt 0.66666676 0.9944897
vt 0.75 0.9944897
vt 0.8333332 0.9944897
vt 0.8333332 01
vt 0.9166668 01
vt 0.9166668 0.9944897
vt 01 0.9944897
vt 01 01
vt 01 01
vt 01 01
vt 01 01
vt 01 01
vt 00 01
vt 00 01
vt 01 01
vt 00 01
vt 00 01
vt 00 01
vt 01 01
vt 01 01
vt 0.083333344 0.9944897
vt 0.083333344 01
vt 0.58333324 0.9944897
vt 0.58333324 01
vt 00 01
vt 01 01
vt 01 0.9944897
vt 0.16666669 01
vt 0.083333344 01
vt 0.9166668 01
vt 0.8333332 01
vt 00 01
vt 00 01
vt 0.58333324 01
vt 00 01
vt 01 01
vt 0.4166666 01
vt 0.4166666 01
vt 00 01
vt 01 01
vt 00 01
vt 00 01
vt 01 01

usemtl 0.ReflectiveMaterial
usemap 0.ReflectiveMaterial
f 20/20/20 19/19/19 2/2/2
f 2/2/2 19/19/19 1/1/1
f 34/34/34 33/33/33 4/4/4
f 4/4/4 33/33/33 3/3/3
f 4/4/4 3/3/3 31/31/31
f 31/31/31 3/3/3 5/5/5
f 31/31/31 5/5/5 28/28/28
f 28/28/28 5/5/5 6/6/6
f 28/28/28 6/6/6 7/7/7
f 7/7/7 6/6/6 8/8/8
f 7/7/7 8/8/8 10/10/10
f 10/10/10 8/8/8 9/9/9
f 10/10/10 9/9/9 12/12/12
f 12/12/12 9/9/9 11/11/11
f 36/36/36 35/35/35 25/25/25
f 25/25/25 35/35/35 13/13/13
f 37/37/37 13/13/13 30/30/30
f 30/30/30 13/13/13 14/14/14
f 30/30/30 14/14/14 16/16/16
f 16/16/16 14/14/14 15/15/15
f 16/16/16 15/15/15 17/17/17
f 17/17/17 15/15/15 18/18/18
f 17/17/17 18/18/18 38/38/38
f 38/38/38 18/18/18 39/39/39
f 21/21/21 22/22/22 40/40/40
f 41/41/41 40/40/40 22/22/22
f 23/23/23 24/24/24 42/42/42
f 43/43/43 42/42/42 24/24/24
f 27/27/27 26/26/26 44/44/44
f 46/46/46 45/45/45 47/47/47
f 29/29/29 48/48/48 49/49/49
f 51/51/51 50/50/50 52/52/52
f 53/53/53 32/32/32 54/54/54
f 54/54/54 32/32/32 55/55/55
f 59/59/59 56/56/56 58/58/58
f 58/58/58 56/56/56 57/57/57
f 58/58/58 57/57/57 61/61/61
f 61/61/61 57/57/57 60/60/60
f 61/61/61 60/60/60 63/63/63
f 63/63/63 60/60/60 62/62/62
f 63/63/63 62/62/62 65/65/65
f 65/65/65 62/62/62 64/64/64
f 65/65/65 64/64/64 67/67/67
f 67/67/67 64/64/64 66/66/66
f 67/67/67 66/66/66 69/69/69
f 69/69/69 66/66/66 68/68/68
f 69/69/69 68/68/68 71/71/71
f 71/71/71 68/68/68 70/70/70
f 71/71/71 70/70/70 73/73/73
f 73/73/73 70/70/70 72/72/72
f 73/73/73 72/72/72 75/75/75
f 75/75/75 72/72/72 74/74/74
f 75/75/75 74/74/74 77/77/77
f 77/77/77 74/74/74 76/76/76
f 77/77/77 76/76/76 79/79/79
f 79/79/79 76/76/76 78/78/78
f 79/79/79 78/78/78 80/80/80
f 80/80/80 78/78/78 81/81/81
f 85/85/85 82/82/82 84/84/84
f 84/84/84 82/82/82 83/83/83
f 84/84/84 83/83/83 87/87/87
f 87/87/87 83/83/83 86/86/86
f 87/87/87 86/86/86 89/89/89
f 89/89/89 86/86/86 88/88/88
f 89/89/89 88/88/88 91/91/91
f 91/91/91 88/88/88 90/90/90
f 91/91/91 90/90/90 93/93/93
f 93/93/93 90/90/90 92/92/92
f 93/93/93 92/92/92 95/95/95
f 95/95/95 92/92/92 94/94/94
f 95/95/95 94/94/94 97/97/97
f 97/97/97 94/94/94 96/96/96
f 97/97/97 96/96/96 99/99/99
f 99/99/99 96/96/96 98/98/98
f 99/99/99 98/98/98 101/101/101
f 101/101/101 98/98/98 100/100/100
f 101/101/101 100/100/100 103/103/103
f 103/103/103 100/100/100 102/102/102
f 103/103/103 102/102/102 105/105/105
f 105/105/105 102/102/102 104/104/104
f 105/105/105 104/104/104 106/106/106
f 106/106/106 104/104/104 107/107/107
f 111/111/111 108/108/108 110/110/110
f 110/110/110 108/108/108 109/109/109
f 110/110/110 109/109/109 113/113/113
f 113/113/113 109/109/109 112/112/112
f 113/113/113 112/112/112 115/115/115
f 115/115/115 112/112/112 114/114/114
f 115/115/115 114/114/114 117/117/117
f 117/117/117 114/114/114 116/116/116
f 117/117/117 116/116/116 119/119/119
f 119/119/119 116/116/116 118/118/118
f 119/119/119 118/118/118 121/121/121
f 121/121/121 118/118/118 120/120/120
f 121/121/121 120/120/120 123/123/123
f 123/123/123 120/120/120 122/122/122
f 123/123/123 122/122/122 125/125/125
f 125/125/125 122/122/122 124/124/124
f 125/125/125 124/124/124 127/127/127
f 127/127/127 124/124/124 126/126/126
f 127/127/127 126/126/126 129/129/129
f 129/129/129 126/126/126 128/128/128
f 129/129/129 128/128/128 131/131/131
f 131/131/131 128/128/128 130/130/130
f 131/131/131 130/130/130 132/132/132
f 132/132/132 130/130/130 133/133/133
f 137/137/137 134/134/134 136/136/136
f 136/136/136 134/134/134 135/135/135
f 136/136/136 135/135/135 139/139/139
f 139/139/139 135/135/135 138/138/138
f 139/139/139 138/138/138 141/141/141
f 141/141/141 138/138/138 140/140/140
f 141/141/141 140/140/140 143/143/143
f 143/143/143 140/140/140 142/142/142
f 143/143/143 142/142/142 145/145/145
f 145/145/145 142/142/142 144/144/144
f 145/145/145 144/144/144 147/147/147
f 147/147/147 144/144/144 146/146/146
f 147/147/147 146/146/146 149/149/149
f 149/149/149 146/146/146 148/148/148
f 149/149/149 148/148/148 151/151/151
f 151/151/151 148/148/148 150/150/150
f 151/151/151 150/150/150 153/153/153
f 153/153/153 150/150/150 152/152/152
f 153/153/153 152/152/152 155/155/155
f 155/155/155 152/152/152 154/154/154
f 155/155/155 154/154/154 157/157/157
f 157/157/157 154/154/154 156/156/156
f 157/157/157 156/156/156 158/158/158
f 158/158/158 156/156/156 159/159/159
f 163/163/163 160/160/160 162/162/162
f 162/162/162 160/160/160 161/161/161
f 162/162/162 161/161/161 165/165/165
f 165/165/165 161/161/161 164/164/164
f 165/165/165 164/164/164 167/167/167
f 167/167/167 164/164/164 166/166/166
f 167/167/167 166/166/166 169/169/169
f 169/169/169 166/166/166 168/168/168
f 169/169/169 168/168/168 171/171/171
f 171/171/171 168/168/168 170/170/170
f 171/171/171 170/170/170 173/173/173
f 173/173/173 170/170/170 172/172/172
f 173/173/173 172/172/172 175/175/175
f 175/175/175 172/172/172 174/174/174
f 175/175/175 174/174/174 177/177/177
f 177/177/177 174/174/174 176/176/176
f 177/177/177 176/176/176 179/179/179
f 179/179/179 176/176/176 178/178/178
f 179/179/179 178/178/178 181/181/181
f 181/181/181 178/178/178 180/180/180
f 181/181/181 180/180/180 183/183/183
f 183/183/183 180/180/180 182/182/182
f 183/183/183 182/182/182 184/184/184
f 184/184/184 182/182/182 185/185/185
f 189/189/189 186/186/186 188/188/188
f 188/188/188 186/186/186 187/187/187
f 188/188/188 187/187/187 191/191/191
f 191/191/191 187/187/187 190/190/190
f 191/191/191 190/190/190 193/193/193
f 193/193/193 190/190/190 192/192/192
f 193/193/193 192/192/192 195/195/195
f 195/195/195 192/192/192 194/194/194
f 195/195/195 194/194/194 197/197/197
f 197/197/197 194/194/194 196/196/196
f 197/197/197 196/196/196 199/199/199
f 199/199/199 196/196/196 198/198/198
f 199/199/199 198/198/198 201/201/201
f 201/201/201 198/198/198 200/200/200
f 201/201/201 200/200/200 203/203/203
f 203/203/203 200/200/200 202/202/202
f 203/203/203 202/202/202 205/205/205
f 205/205/205 202/202/202 204/204/204
f 205/205/205 204/204/204 207/207/207
f 207/207/207 204/204/204 206/206/206
f 207/207/207 206/206/206 209/209/209
f 209/209/209 206/206/206 208/208/208
f 209/209/209 208/208/208 210/210/210
f 210/210/210 208/208/208 211/211/211
f 215/215/215 212/212/212 214/214/214
f 214/214/214 212/212/212 213/213/213
f 214/214/214 213/213/213 217/217/217
f 217/217/217 213/213/213 216/216/216
f 217/217/217 216/216/216 219/219/219
f 219/219/219 216/216/216 218/218/218
f 219/219/219 218/218/218 221/221/221
f 221/221/221 218/218/218 220/220/220
f 221/221/221 220/220/220 223/223/223
f 223/223/223 220/220/220 222/222/222
f 223/223/223 222/222/222 225/225/225
f 225/225/225 222/222/222 224/224/224
f 225/225/225 224/224/224 227/227/227
f 227/227/227 224/224/224 226/226/226
f 227/227/227 226/226/226 229/229/229
f 229/229/229 226/226/226 228/228/228
f 229/229/229 228/228/228 231/231/231
f 231/231/231 228/228/228 230/230/230
f 231/231/231 230/230/230 233/233/233
f 233/233/233 230/230/230 232/232/232
f 233/233/233 232/232/232 235/235/235
f 235/235/235 232/232/232 234/234/234
f 235/235/235 234/234/234 236/236/236
f 236/236/236 234/234/234 237/237/237
f 241/241/241 238/238/238 240/240/240
f 240/240/240 238/238/238 239/239/239
f 240/240/240 239/239/239 243/243/243
f 243/243/243 239/239/239 242/242/242
f 243/243/243 242/242/242 245/245/245
f 245/245/245 242/242/242 244/244/244
f 245/245/245 244/244/244 247/247/247
f 247/247/247 244/244/244 246/246/246
f 247/247/247 246/246/246 249/249/249
f 249/249/249 246/246/246 248/248/248
f 249/249/249 248/248/248 251/251/251
f 251/251/251 248/248/248 250/250/250
f 251/251/251 250/250/250 253/253/253
f 253/253/253 250/250/250 252/252/252
f 253/253/253 252/252/252 255/255/255
f 255/255/255 252/252/252 254/254/254
f 255/255/255 254/254/254 257/257/257
f 257/257/257 254/254/254 256/256/256
f 257/257/257 256/256/256 259/259/259
f 259/259/259 256/256/256 258/258/258
f 259/259/259 258/258/258 261/261/261
f 261/261/261 258/258/258 260/260/260
f 261/261/261 260/260/260 262/262/262
f 262/262/262 260/260/260 263/263/263
f 267/267/267 264/264/264 266/266/266
f 266/266/266 264/264/264 265/265/265
f 266/266/266 265/265/265 269/269/269
f 269/269/269 265/265/265 268/268/268
f 269/269/269 268/268/268 271/271/271
f 271/271/271 268/268/268 270/270/270
f 271/271/271 270/270/270 273/273/273
f 273/273/273 270/270/270 272/272/272
f 273/273/273 272/272/272 275/275/275
f 275/275/275 272/272/272 274/274/274
f 275/275/275 274/274/274 277/277/277
f 277/277/277 274/274/274 276/276/276
f 277/277/277 276/276/276 279/279/279
f 279/279/279 276/276/276 278/278/278
f 279/279/279 278/278/278 281/281/281
f 281/281/281 278/278/278 280/280/280
f 281/281/281 280/280/280 283/283/283
f 283/283/283 280/280/280 282/282/282
f 283/283/283 282/282/282 285/285/285
f 285/285/285 282/282/282 284/284/284
f 285/285/285 284/284/284 287/287/287
f 287/287/287 284/284/284 286/286/286
f 287/287/287 286/286/286 288/288/288
f 288/288/288 286/286/286 289/289/289
f 293/293/293 290/290/290 292/292/292
f 292/292/292 290/290/290 291/291/291
f 292/292/292 291/291/291 295/295/295
f 295/295/295 291/291/291 294/294/294
f 295/295/295 294/294/294 297/297/297
f 297/297/297 294/294/294 296/296/296
f 297/297/297 296/296/296 299/299/299
f 299/299/299 296/296/296 298/298/298
f 299/299/299 298/298/298 301/301/301
f 301/301/301 298/298/298 300/300/300
f 301/301/301 300/300/300 303/303/303
f 303/303/303 300/300/300 302/302/302
f 303/303/303 302/302/302 305/305/305
f 305/305/305 302/302/302 304/304/304
f 305/305/305 304/304/304 307/307/307
f 307/307/307 304/304/304 306/306/306
f 307/307/307 306/306/306 309/309/309
f 309/309/309 306/306/306 308/308/308
f 309/309/309 308/308/308 311/311/311
f 311/311/311 308/308/308 310/310/310
f 311/311/311 310/310/310 313/313/313
f 313/313/313 310/310/310 312/312/312
f 313/313/313 312/312/312 314/314/314
f 314/314/314 312/312/312 315/315/315
f 319/319/319 316/316/316 318/318/318
f 318/318/318 316/316/316 317/317/317
f 318/318/318 317/317/317 321/321/321
f 321/321/321 317/317/317 320/320/320
f 321/321/321 320/320/320 323/323/323
f 323/323/323 320/320/320 322/322/322
f 323/323/323 322/322/322 325/325/325
f 325/325/325 322/322/322 324/324/324
f 325/325/325 324/324/324 327/327/327
f 327/327/327 324/324/324 326/326/326
f 327/327/327 326/326/326 329/329/329
f 329/329/329 326/326/326 328/328/328
f 329/329/329 328/328/328 331/331/331
f 331/331/331 328/328/328 330/330/330
f 331/331/331 330/330/330 333/333/333
f 333/333/333 330/330/330 332/332/332
f 333/333/333 332/332/332 335/335/335
f 335/335/335 332/332/332 334/334/334
f 335/335/335 334/334/334 337/337/337
f 337/337/337 334/334/334 336/336/336
f 337/337/337 336/336/336 339/339/339
f 339/339/339 336/336/336 338/338/338
f 339/339/339 338/338/338 340/340/340
f 340/340/340 338/338/338 341/341/341
f 345/345/345 342/342/342 344/344/344
f 344/344/344 342/342/342 343/343/343
f 344/344/344 343/343/343 347/347/347
f 347/347/347 343/343/343 346/346/346
f 347/347/347 346/346/346 349/349/349
f 349/349/349 346/346/346 348/348/348
f 349/349/349 348/348/348 351/351/351
f 351/351/351 348/348/348 350/350/350
f 351/351/351 350/350/350 353/353/353
f 353/353/353 350/350/350 352/352/352
f 353/353/353 352/352/352 355/355/355
f 355/355/355 352/352/352 354/354/354
f 355/355/355 354/354/354 357/357/357
f 357/357/357 354/354/354 356/356/356
f 357/357/357 356/356/356 359/359/359
f 359/359/359 356/356/356 358/358/358
f 359/359/359 358/358/358 361/361/361
f 361/361/361 358/358/358 360/360/360
f 361/361/361 360/360/360 363/363/363
f 363/363/363 360/360/360 362/362/362
f 363/363/363 362/362/362 365/365/365
f 365/365/365 362/362/362 364/364/364
f 365/365/365 364/364/364 366/366/366
f 366/366/366 364/364/364 367/367/367
f 371/371/371 368/368/368 370/370/370
f 370/370/370 368/368/368 369/369/369
f 370/370/370 369/369/369 373/373/373
f 373/373/373 369/369/369 372/372/372
f 373/373/373 372/372/372 375/375/375
f 375/375/375 372/372/372 374/374/374
f 375/375/375 374/374/374 377/377/377
f 377/377/377 374/374/374 376/376/376
f 377/377/377 376/376/376 379/379/379
f 379/379/379 376/376/376 378/378/378
f 379/379/379 378/378/378 381/381/381
f 381/381/381 378/378/378 380/380/380
f 381/381/381 380/380/380 383/383/383
f 383/383/383 380/380/380 382/382/382
f 383/383/383 382/382/382 385/385/385
f 385/385/385 382/382/382 384/384/384
f 385/385/385 384/384/384 387/387/387
f 387/387/387 384/384/384 386/386/386
f 387/387/387 386/386/386 389/389/389
f 389/389/389 386/386/386 388/388/388
f 389/389/389 388/388/388 391/391/391
f 391/391/391 388/388/388 390/390/390
f 391/391/391 390/390/390 392/392/392
f 392/392/392 390/390/390 393/393/393
f 397/397/397 394/394/394 396/396/396
f 396/396/396 394/394/394 395/395/395
f 396/396/396 395/395/395 399/399/399
f 399/399/399 395/395/395 398/398/398
f 399/399/399 398/398/398 401/401/401
f 401/401/401 398/398/398 400/400/400
f 401/401/401 400/400/400 403/403/403
f 403/403/403 400/400/400 402/402/402
f 403/403/403 402/402/402 405/405/405
f 405/405/405 402/402/402 404/404/404
f 405/405/405 404/404/404 407/407/407
f 407/407/407 404/404/404 406/406/406
f 407/407/407 406/406/406 409/409/409
f 409/409/409 406/406/406 408/408/408
f 409/409/409 408/408/408 411/411/411
f 411/411/411 408/408/408 410/410/410
f 411/411/411 410/410/410 413/413/413
f 413/413/413 410/410/410 412/412/412
f 413/413/413 412/412/412 415/415/415
f 415/415/415 412/412/412 414/414/414
f 415/415/415 414/414/414 417/417/417
f 417/417/417 414/414/414 416/416/416
f 417/417/417 416/416/416 418/418/418
f 418/418/418 416/416/416 419/419/419
f 423/423/423 420/420/420 422/422/422
f 422/422/422 420/420/420 421/421/421
f 422/422/422 421/421/421 425/425/425
f 425/425/425 421/421/421 424/424/424
f 425/425/425 424/424/424 427/427/427
f 427/427/427 424/424/424 426/426/426
f 427/427/427 426/426/426 429/429/429
f 429/429/429 426/426/426 428/428/428
f 429/429/429 428/428/428 431/431/431
f 431/431/431 428/428/428 430/430/430
f 431/431/431 430/430/430 433/433/433
f 433/433/433 430/430/430 432/432/432
f 433/433/433 432/432/432 435/435/435
f 435/435/435 432/432/432 434/434/434
f 435/435/435 434/434/434 437/437/437
f 437/437/437 434/434/434 436/436/436
f 437/437/437 436/436/436 439/439/439
f 439/439/439 436/436/436 438/438/438
f 439/439/439 438/438/438 441/441/441
f 441/441/441 438/438/438 440/440/440
f 441/441/441 440/440/440 443/443/443
f 443/443/443 440/440/440 442/442/442
f 443/443/443 442/442/442 444/444/444
f 444/444/444 442/442/442 445/445/445
f 449/449/449 446/446/446 448/448/448
f 448/448/448 446/446/446 447/447/447
f 448/448/448 447/447/447 451/451/451
f 451/451/451 447/447/447 450/450/450
f 451/451/451 450/450/450 453/453/453
f 453/453/453 450/450/450 452/452/452
f 453/453/453 452/452/452 455/455/455
f 455/455/455 452/452/452 454/454/454
f 455/455/455 454/454/454 457/457/457
f 457/457/457 454/454/454 456/456/456
f 457/457/457 456/456/456 459/459/459
f 459/459/459 456/456/456 458/458/458
f 459/459/459 458/458/458 461/461/461
f 461/461/461 458/458/458 460/460/460
f 461/461/461 460/460/460 463/463/463
f 463/463/463 460/460/460 462/462/462
f 463/463/463 462/462/462 465/465/465
f 465/465/465 462/462/462 464/464/464
f 465/465/465 464/464/464 467/467/467
f 467/467/467 464/464/464 466/466/466
f 467/467/467 466/466/466 469/469/469
f 469/469/469 466/466/466 468/468/468
f 469/469/469 468/468/468 470/470/470
f 470/470/470 468/468/468 471/471/471
f 475/475/475 472/472/472 474/474/474
f 474/474/474 472/472/472 473/473/473
f 474/474/474 473/473/473 477/477/477
f 477/477/477 473/473/473 476/476/476
f 477/477/477 476/476/476 479/479/479
f 479/479/479 476/476/476 478/478/478
f 479/479/479 478/478/478 481/481/481
f 481/481/481 478/478/478 480/480/480
f 481/481/481 480/480/480 483/483/483
f 483/483/483 480/480/480 482/482/482
f 483/483/483 482/482/482 485/485/485
f 485/485/485 482/482/482 484/484/484
f 485/485/485 484/484/484 487/487/487
f 487/487/487 484/484/484 486/486/486
f 487/487/487 486/486/486 489/489/489
f 489/489/489 486/486/486 488/488/488
f 489/489/489 488/488/488 491/491/491
f 491/491/491 488/488/488 490/490/490
f 491/491/491 490/490/490 493/493/493
f 493/493/493 490/490/490 492/492/492
f 493/493/493 492/492/492 495/495/495
f 495/495/495 492/492/492 494/494/494
f 495/495/495 494/494/494 496/496/496
f 496/496/496 494/494/494 497/497/497
f 501/501/501 498/498/498 500/500/500
f 500/500/500 498/498/498 499/499/499
f 500/500/500 499/499/499 503/503/503
f 503/503/503 499/499/499 502/502/502
f 503/503/503 502/502/502 505/505/505
f 505/505/505 502/502/502 504/504/504
f 505/505/505 504/504/504 507/507/507
f 507/507/507 504/504/504 506/506/506
f 507/507/507 506/506/506 509/509/509
f 509/509/509 506/506/506 508/508/508
f 509/509/509 508/508/508 511/511/511
f 511/511/511 508/508/508 510/510/510
f 511/511/511 510/510/510 513/513/513
f 513/513/513 510/510/510 512/512/512
f 513/513/513 512/512/512 515/515/515
f 515/515/515 512/512/512 514/514/514
f 515/515/515 514/514/514 517/517/517
f 517/517/517 514/514/514 516/516/516
f 517/517/517 516/516/516 519/519/519
f 519/519/519 516/516/516 518/518/518
f 519/519/519 518/518/518 521/521/521
f 521/521/521 518/518/518 520/520/520
f 521/521/521 520/520/520 522/522/522
f 522/522/522 520/520/520 523/523/523
f 527/527/527 524/524/524 526/526/526
f 526/526/526 524/524/524 525/525/525
f 526/526/526 525/525/525 529/529/529
f 529/529/529 525/525/525 528/528/528
f 529/529/529 528/528/528 531/531/531
f 531/531/531 528/528/528 530/530/530
f 531/531/531 530/530/530 533/533/533
f 533/533/533 530/530/530 532/532/532
f 533/533/533 532/532/532 535/535/535
f 535/535/535 532/532/532 534/534/534
f 535/535/535 534/534/534 537/537/537
f 537/537/537 534/534/534 536/536/536
f 537/537/537 536/536/536 539/539/539
f 539/539/539 536/536/536 538/538/538
f 539/539/539 538/538/538 541/541/541
f 541/541/541 538/538/538 540/540/540
f 541/541/541 540/540/540 543/543/543
f 543/543/543 540/540/540 542/542/542
f 543/543/543 542/542/542 545/545/545
f 545/545/545 542/542/542 544/544/544
f 545/545/545 544/544/544 547/547/547
f 547/547/547 544/544/544 546/546/546
f 547/547/547 546/546/546 548/548/548
f 548/548/548 546/546/546 549/549/549
f 553/553/553 550/550/550 552/552/552
f 552/552/552 550/550/550 551/551/551
f 552/552/552 551/551/551 555/555/555
f 555/555/555 551/551/551 554/554/554
f 555/555/555 554/554/554 557/557/557
f 557/557/557 554/554/554 556/556/556
f 557/557/557 556/556/556 559/559/559
f 559/559/559 556/556/556 558/558/558
f 559/559/559 558/558/558 561/561/561
f 561/561/561 558/558/558 560/560/560
f 561/561/561 560/560/560 563/563/563
f 563/563/563 560/560/560 562/562/562
f 563/563/563 562/562/562 565/565/565
f 565/565/565 562/562/562 564/564/564
f 565/565/565 564/564/564 567/567/567
f 567/567/567 564/564/564 566/566/566
f 567/567/567 566/566/566 569/569/569
f 569/569/569 566/566/566 568/568/568
f 569/569/569 568/568/568 571/571/571
f 571/571/571 568/568/568 570/570/570
f 571/571/571 570/570/570 573/573/573
f 573/573/573 570/570/570 572/572/572
f 573/573/573 572/572/572 574/574/574
f 574/574/574 572/572/572 575/575/575
f 579/579/579 576/576/576 578/578/578
f 578/578/578 576/576/576 577/577/577
f 578/578/578 577/577/577 581/581/581
f 581/581/581 577/577/577 580/580/580
f 581/581/581 580/580/580 583/583/583
f 583/583/583 580/580/580 582/582/582
f 583/583/583 582/582/582 585/585/585
f 585/585/585 582/582/582 584/584/584
f 585/585/585 584/584/584 587/587/587
f 587/587/587 584/584/584 586/586/586
f 587/587/587 586/586/586 589/589/589
f 589/589/589 586/586/586 588/588/588
f 589/589/589 588/588/588 591/591/591
f 591/591/591 588/588/588 590/590/590
f 591/591/591 590/590/590 593/593/593
f 593/593/593 590/590/590 592/592/592
f 593/593/593 592/592/592 595/595/595
f 595/595/595 592/592/592 594/594/594
f 595/595/595 594/594/594 597/597/597
f 597/597/597 594/594/594 596/596/596
f 597/597/597 596/596/596 599/599/599
f 599/599/599 596/596/596 598/598/598
f 599/599/599 598/598/598 600/600/600
f 600/600/600 598/598/598 601/601/601
f 605/605/605 602/602/602 604/604/604
f 604/604/604 602/602/602 603/603/603
f 604/604/604 603/603/603 607/607/607
f 607/607/607 603/603/603 606/606/606
f 607/607/607 606/606/606 609/609/609
f 609/609/609 606/606/606 608/608/608
f 609/609/609 608/608/608 611/611/611
f 611/611/611 608/608/608 610/610/610
f 611/611/611 610/610/610 613/613/613
f 613/613/613 610/610/610 612/612/612
f 613/613/613 612/612/612 615/615/615
f 615/615/615 612/612/612 614/614/614
f 615/615/615 614/614/614 617/617/617
f 617/617/617 614/614/614 616/616/616
f 617/617/617 616/616/616 619/619/619
f 619/619/619 616/616/616 618/618/618
f 619/619/619 618/618/618 621/621/621
f 621/621/621 618/618/618 620/620/620
f 621/621/621 620/620/620 623/623/623
f 623/623/623 620/620/620 622/622/622
f 623/623/623 622/622/622 625/625/625
f 625/625/625 622/622/622 624/624/624
f 625/625/625 624/624/624 626/626/626
f 626/626/626 624/624/624 627/627/627
f 631/631/631 628/628/628 630/630/630
f 630/630/630 628/628/628 629/629/629
f 630/630/630 629/629/629 633/633/633
f 633/633/633 629/629/629 632/632/632
f 633/633/633 632/632/632 635/635/635
f 635/635/635 632/632/632 634/634/634
f 635/635/635 634/634/634 637/637/637
f 637/637/637 634/634/634 636/636/636
f 637/637/637 636/636/636 639/639/639
f 639/639/639 636/636/636 638/638/638
f 639/639/639 638/638/638 641/641/641
f 641/641/641 638/638/638 640/640/640
f 641/641/641 640/640/640 643/643/643
f 643/643/643 640/640/640 642/642/642
f 643/643/643 642/642/642 645/645/645
f 645/645/645 642/642/642 644/644/644
f 645/645/645 644/644/644 647/647/647
f 647/647/647 644/644/644 646/646/646
f 647/647/647 646/646/646 649/649/649
f 649/649/649 646/646/646 648/648/648
f 649/649/649 648/648/648 651/651/651
f 651/651/651 648/648/648 650/650/650
f 651/651/651 650/650/650 652/652/652
f 652/652/652 650/650/650 653/653/653
f 657/657/657 654/654/654 656/656/656
f 656/656/656 654/654/654 655/655/655
f 656/656/656 655/655/655 659/659/659
f 659/659/659 655/655/655 658/658/658
f 659/659/659 658/658/658 661/661/661
f 661/661/661 658/658/658 660/660/660
f 661/661/661 660/660/660 663/663/663
f 663/663/663 660/660/660 662/662/662
f 663/663/663 662/662/662 665/665/665
f 665/665/665 662/662/662 664/664/664
f 665/665/665 664/664/664 667/667/667
f 667/667/667 664/664/664 666/666/666
f 667/667/667 666/666/666 669/669/669
f 669/669/669 666/666/666 668/668/668
f 669/669/669 668/668/668 671/671/671
f 671/671/671 668/668/668 670/670/670
f 671/671/671 670/670/670 673/673/673
f 673/673/673 670/670/670 672/672/672
f 673/673/673 672/672/672 675/675/675
f 675/675/675 672/672/672 674/674/674
f 675/675/675 674/674/674 677/677/677
f 677/677/677 674/674/674 676/676/676
f 677/677/677 676/676/676 678/678/678
f 678/678/678 676/676/676 679/679/679
f 683/683/683 680/680/680 682/682/682
f 682/682/682 680/680/680 681/681/681
f 682/682/682 681/681/681 685/685/685
f 685/685/685 681/681/681 684/684/684
f 685/685/685 684/684/684 687/687/687
f 687/687/687 684/684/684 686/686/686
f 687/687/687 686/686/686 689/689/689
f 689/689/689 686/686/686 688/688/688
f 689/689/689 688/688/688 691/691/691
f 691/691/691 688/688/688 690/690/690
f 691/691/691 690/690/690 693/693/693
f 693/693/693 690/690/690 692/692/692
f 693/693/693 692/692/692 695/695/695
f 695/695/695 692/692/692 694/694/694
f 695/695/695 694/694/694 697/697/697
f 697/697/697 694/694/694 696/696/696
f 697/697/697 696/696/696 699/699/699
f 699/699/699 696/696/696 698/698/698
f 699/699/699 698/698/698 701/701/701
f 701/701/701 698/698/698 700/700/700
f 701/701/701 700/700/700 703/703/703
f 703/703/703 700/700/700 702/702/702
f 703/703/703 702/702/702 704/704/704
f 704/704/704 702/702/702 705/705/705
f 709/709/709 706/706/706 708/708/708
f 708/708/708 706/706/706 707/707/707
f 708/708/708 707/707/707 711/711/711
f 711/711/711 707/707/707 710/710/710
f 711/711/711 710/710/710 713/713/713
f 713/713/713 710/710/710 712/712/712
f 713/713/713 712/712/712 715/715/715
f 715/715/715 712/712/712 714/714/714
f 715/715/715 714/714/714 717/717/717
f 717/717/717 714/714/714 716/716/716
f 717/717/717 716/716/716 719/719/719
f 719/719/719 716/716/716 718/718/718
f 719/719/719 718/718/718 721/721/721
f 721/721/721 718/718/718 720/720/720
f 721/721/721 720/720/720 723/723/723
f 723/723/723 720/720/720 722/722/722
f 723/723/723 722/722/722 725/725/725
f 725/725/725 722/722/722 724/724/724
f 725/725/725 724/724/724 727/727/727
f 727/727/727 724/724/724 726/726/726
f 727/727/727 726/726/726 729/729/729
f 729/729/729 726/726/726 728/728/728
f 729/729/729 728/728/728 730/730/730
f 730/730/730 728/728/728 731/731/731
f 735/735/735 732/732/732 734/734/734
f 734/734/734 732/732/732 733/733/733
f 734/734/734 733/733/733 737/737/737
f 737/737/737 733/733/733 736/736/736
f 737/737/737 736/736/736 739/739/739
f 739/739/739 736/736/736 738/738/738
f 739/739/739 738/738/738 741/741/741
f 741/741/741 738/738/738 740/740/740
f 741/741/741 740/740/740 743/743/743
f 743/743/743 740/740/740 742/742/742
f 743/743/743 742/742/742 745/745/745
f 745/745/745 742/742/742 744/744/744
f 745/745/745 744/744/744 747/747/747
f 747/747/747 744/744/744 746/746/746
f 747/747/747 746/746/746 749/749/749
f 749/749/749 746/746/746 748/748/748
f 749/749/749 748/748/748 751/751/751
f 751/751/751 748/748/748 750/750/750
f 751/751/751 750/750/750 753/753/753
f 753/753/753 750/750/750 752/752/752
f 753/753/753 752/752/752 755/755/755
f 755/755/755 752/752/752 754/754/754
f 755/755/755 754/754/754 756/756/756
f 756/756/756 754/754/754 757/757/757
f 761/761/761 758/758/758 760/760/760
f 760/760/760 758/758/758 759/759/759
f 760/760/760 759/759/759 763/763/763
f 763/763/763 759/759/759 762/762/762
f 763/763/763 762/762/762 765/765/765
f 765/765/765 762/762/762 764/764/764
f 765/765/765 764/764/764 767/767/767
f 767/767/767 764/764/764 766/766/766
f 767/767/767 766/766/766 769/769/769
f 769/769/769 766/766/766 768/768/768
f 769/769/769 768/768/768 771/771/771
f 771/771/771 768/768/768 770/770/770
f 771/771/771 770/770/770 773/773/773
f 773/773/773 770/770/770 772/772/772
f 773/773/773 772/772/772 775/775/775
f 775/775/775 772/772/772 774/774/774
f 775/775/775 774/774/774 777/777/777
f 777/777/777 774/774/774 776/776/776
f 777/777/777 776/776/776 779/779/779
f 779/779/779 776/776/776 778/778/778
f 779/779/779 778/778/778 781/781/781
f 781/781/781 778/778/778 780/780/780
f 781/781/781 780/780/780 782/782/782
f 782/782/782 780/780/780 783/783/783
f 787/787/787 784/784/784 786/786/786
f 786/786/786 784/784/784 785/785/785
f 786/786/786 785/785/785 789/789/789
f 789/789/789 785/785/785 788/788/788
f 789/789/789 788/788/788 791/791/791
f 791/791/791 788/788/788 790/790/790
f 791/791/791 790/790/790 793/793/793
f 793/793/793 790/790/790 792/792/792
f 793/793/793 792/792/792 795/795/795
f 795/795/795 792/792/792 794/794/794
f 795/795/795 794/794/794 797/797/797
f 797/797/797 794/794/794 796/796/796
f 797/797/797 796/796/796 799/799/799
f 799/799/799 796/796/796 798/798/798
f 799/799/799 798/798/798 801/801/801
f 801/801/801 798/798/798 800/800/800
f 801/801/801 800/800/800 803/803/803
f 803/803/803 800/800/800 802/802/802
f 803/803/803 802/802/802 805/805/805
f 805/805/805 802/802/802 804/804/804
f 805/805/805 804/804/804 807/807/807
f 807/807/807 804/804/804 806/806/806
f 807/807/807 806/806/806 808/808/808
f 808/808/808 806/806/806 809/809/809
f 813/813/813 810/810/810 812/812/812
f 812/812/812 810/810/810 811/811/811
f 812/812/812 811/811/811 815/815/815
f 815/815/815 811/811/811 814/814/814
f 815/815/815 814/814/814 817/817/817
f 817/817/817 814/814/814 816/816/816
f 817/817/817 816/816/816 819/819/819
f 819/819/819 816/816/816 818/818/818
f 819/819/819 818/818/818 821/821/821
f 821/821/821 818/818/818 820/820/820
f 821/821/821 820/820/820 823/823/823
f 823/823/823 820/820/820 822/822/822
f 823/823/823 822/822/822 825/825/825
f 825/825/825 822/822/822 824/824/824
f 825/825/825 824/824/824 827/827/827
f 827/827/827 824/824/824 826/826/826
f 827/827/827 826/826/826 829/829/829
f 829/829/829 826/826/826 828/828/828
f 829/829/829 828/828/828 831/831/831
f 831/831/831 828/828/828 830/830/830
f 831/831/831 830/830/830 833/833/833
f 833/833/833 830/830/830 832/832/832
f 833/833/833 832/832/832 834/834/834
f 834/834/834 832/832/832 835/835/835
f 839/839/839 836/836/836 838/838/838
f 838/838/838 836/836/836 837/837/837
f 838/838/838 837/837/837 841/841/841
f 841/841/841 837/837/837 840/840/840
f 841/841/841 840/840/840 843/843/843
f 843/843/843 840/840/840 842/842/842
f 843/843/843 842/842/842 845/845/845
f 845/845/845 842/842/842 844/844/844
f 845/845/845 844/844/844 847/847/847
f 847/847/847 844/844/844 846/846/846
f 847/847/847 846/846/846 849/849/849
f 849/849/849 846/846/846 848/848/848
f 849/849/849 848/848/848 851/851/851
f 851/851/851 848/848/848 850/850/850
f 851/851/851 850/850/850 853/853/853
f 853/853/853 850/850/850 852/852/852
f 853/853/853 852/852/852 855/855/855
f 855/855/855 852/852/852 854/854/854
f 855/855/855 854/854/854 857/857/857
f 857/857/857 854/854/854 856/856/856
f 857/857/857 856/856/856 859/859/859
f 859/859/859 856/856/856 858/858/858
f 859/859/859 858/858/858 860/860/860
f 860/860/860 858/858/858 861/861/861
f 865/865/865 862/862/862 864/864/864
f 864/864/864 862/862/862 863/863/863
f 864/864/864 863/863/863 867/867/867
f 867/867/867 863/863/863 866/866/866
f 867/867/867 866/866/866 869/869/869
f 869/869/869 866/866/866 868/868/868
f 869/869/869 868/868/868 871/871/871
f 871/871/871 868/868/868 870/870/870
f 871/871/871 870/870/870 873/873/873
f 873/873/873 870/870/870 872/872/872
f 873/873/873 872/872/872 875/875/875
f 875/875/875 872/872/872 874/874/874
f 875/875/875 874/874/874 877/877/877
f 877/877/877 874/874/874 876/876/876
f 877/877/877 876/876/876 879/879/879
f 879/879/879 876/876/876 878/878/878
f 879/879/879 878/878/878 881/881/881
f 881/881/881 878/878/878 880/880/880
f 881/881/881 880/880/880 883/883/883
f 883/883/883 880/880/880 882/882/882
f 883/883/883 882/882/882 885/885/885
f 885/885/885 882/882/882 884/884/884
f 885/885/885 884/884/884 886/886/886
f 886/886/886 884/884/884 887/887/887
f 891/891/891 888/888/888 890/890/890
f 890/890/890 888/888/888 889/889/889
f 890/890/890 889/889/889 893/893/893
f 893/893/893 889/889/889 892/892/892
f 893/893/893 892/892/892 895/895/895
f 895/895/895 892/892/892 894/894/894
f 895/895/895 894/894/894 897/897/897
f 897/897/897 894/894/894 896/896/896
f 897/897/897 896/896/896 899/899/899
f 899/899/899 896/896/896 898/898/898
f 899/899/899 898/898/898 901/901/901
f 901/901/901 898/898/898 900/900/900
f 901/901/901 900/900/900 903/903/903
f 903/903/903 900/900/900 902/902/902
f 903/903/903 902/902/902 905/905/905
f 905/905/905 902/902/902 904/904/904
f 905/905/905 904/904/904 907/907/907
f 907/907/907 904/904/904 906/906/906
f 907/907/907 906/906/906 909/909/909
f 909/909/909 906/906/906 908/908/908
f 909/909/909 908/908/908 911/911/911
f 911/911/911 908/908/908 910/910/910
f 911/911/911 910/910/910 912/912/912
f 912/912/912 910/910/910 913/913/913
f 917/917/917 914/914/914 916/916/916
f 916/916/916 914/914/914 915/915/915
f 916/916/916 915/915/915 919/919/919
f 919/919/919 915/915/915 918/918/918
f 919/919/919 918/918/918 921/921/921
f 921/921/921 918/918/918 920/920/920
f 921/921/921 920/920/920 923/923/923
f 923/923/923 920/920/920 922/922/922
f 923/923/923 922/922/922 925/925/925
f 925/925/925 922/922/922 924/924/924
f 925/925/925 924/924/924 927/927/927
f 927/927/927 924/924/924 926/926/926
f 927/927/927 926/926/926 929/929/929
f 929/929/929 926/926/926 928/928/928
f 929/929/929 928/928/928 931/931/931
f 931/931/931 928/928/928 930/930/930
f 931/931/931 930/930/930 933/933/933
f 933/933/933 930/930/930 932/932/932
f 933/933/933 932/932/932 935/935/935
f 935/935/935 932/932/932 934/934/934
f 935/935/935 934/934/934 937/937/937
f 937/937/937 934/934/934 936/936/936
f 937/937/937 936/936/936 938/938/938
f 938/938/938 936/936/936 939/939/939
f 943/943/943 940/940/940 942/942/942
f 942/942/942 940/940/940 941/941/941
f 942/942/942 941/941/941 945/945/945
f 945/945/945 941/941/941 944/944/944
f 945/945/945 944/944/944 947/947/947
f 947/947/947 944/944/944 946/946/946
f 947/947/947 946/946/946 949/949/949
f 949/949/949 946/946/946 948/948/948
f 949/949/949 948/948/948 951/951/951
f 951/951/951 948/948/948 950/950/950
f 951/951/951 950/950/950 953/953/953
f 953/953/953 950/950/950 952/952/952
f 953/953/953 952/952/952 955/955/955
f 955/955/955 952/952/952 954/954/954
f 955/955/955 954/954/954 957/957/957
f 957/957/957 954/954/954 956/956/956
f 957/957/957 956/956/956 959/959/959
f 959/959/959 956/956/956 958/958/958
f 959/959/959 958/958/958 961/961/961
f 961/961/961 958/958/958 960/960/960
f 961/961/961 960/960/960 963/963/963
f 963/963/963 960/960/960 962/962/962
f 963/963/963 962/962/962 964/964/964
f 964/964/964 962/962/962 965/965/965
f 969/969/969 966/966/966 968/968/968
f 968/968/968 966/966/966 967/967/967
f 968/968/968 967/967/967 971/971/971
f 971/971/971 967/967/967 970/970/970
f 971/971/971 970/970/970 973/973/973
f 973/973/973 970/970/970 972/972/972
f 973/973/973 972/972/972 975/975/975
f 975/975/975 972/972/972 974/974/974
f 975/975/975 974/974/974 977/977/977
f 977/977/977 974/974/974 976/976/976
f 977/977/977 976/976/976 979/979/979
f 979/979/979 976/976/976 978/978/978
f 979/979/979 978/978/978 981/981/981
f 981/981/981 978/978/978 980/980/980
f 981/981/981 980/980/980 983/983/983
f 983/983/983 980/980/980 982/982/982
f 983/983/983 982/982/982 985/985/985
f 985/985/985 982/982/982 984/984/984
f 985/985/985 984/984/984 987/987/987
f 987/987/987 984/984/984 986/986/986
f 987/987/987 986/986/986 989/989/989
f 989/989/989 986/986/986 988/988/988
f 989/989/989 988/988/988 990/990/990
f 990/990/990 988/988/988 991/991/991
f 995/995/995 992/992/992 994/994/994
f 994/994/994 992/992/992 993/993/993
f 994/994/994 993/993/993 997/997/997
f 997/997/997 993/993/993 996/996/996
f 997/997/997 996/996/996 999/999/999
f 999/999/999 996/996/996 998/998/998
f 999/999/999 998/998/998 1001/1001/1001
f 1001/1001/1001 998/998/998 1000/1000/1000
f 1001/1001/1001 1000/1000/1000 1003/1003/1003
f 1003/1003/1003 1000/1000/1000 1002/1002/1002
f 1003/1003/1003 1002/1002/1002 1005/1005/1005
f 1005/1005/1005 1002/1002/1002 1004/1004/1004
f 1005/1005/1005 1004/1004/1004 1007/1007/1007
f 1007/1007/1007 1004/1004/1004 1006/1006/1006
f 1007/1007/1007 1006/1006/1006 1009/1009/1009
f 1009/1009/1009 1006/1006/1006 1008/1008/1008
f 1009/1009/1009 1008/1008/1008 1011/1011/1011
f 1011/1011/1011 1008/1008/1008 1010/1010/1010
f 1011/1011/1011 1010/1010/1010 1013/1013/1013
f 1013/1013/1013 1010/1010/1010 1012/1012/1012
f 1013/1013/1013 1012/1012/1012 1015/1015/1015
f 1015/1015/1015 1012/1012/1012 1014/1014/1014
f 1015/1015/1015 1014/1014/1014 1016/1016/1016
f 1016/1016/1016 1014/1014/1014 1017/1017/1017
f 1021/1021/1021 1018/1018/1018 1020/1020/1020
f 1020/1020/1020 1018/1018/1018 1019/1019/1019
f 1020/1020/1020 1019/1019/1019 1023/1023/1023
f 1023/1023/1023 1019/1019/1019 1022/1022/1022
f 1023/1023/1023 1022/1022/1022 1025/1025/1025
f 1025/1025/1025 1022/1022/1022 1024/1024/1024
f 1025/1025/1025 1024/1024/1024 1027/1027/1027
f 1027/1027/1027 1024/1024/1024 1026/1026/1026
f 1027/1027/1027 1026/1026/1026 1029/1029/1029
f 1029/1029/1029 1026/1026/1026 1028/1028/1028
f 1029/1029/1029 1028/1028/1028 1031/1031/1031
f 1031/1031/1031 1028/1028/1028 1030/1030/1030
f 1031/1031/1031 1030/1030/1030 1033/1033/1033
f 1033/1033/1033 1030/1030/1030 1032/1032/1032
f 1033/1033/1033 1032/1032/1032 1035/1035/1035
f 1035/1035/1035 1032/1032/1032 1034/1034/1034
f 1035/1035/1035 1034/1034/1034 1037/1037/1037
f 1037/1037/1037 1034/1034/1034 1036/1036/1036
f 1037/1037/1037 1036/1036/1036 1039/1039/1039
f 1039/1039/1039 1036/1036/1036 1038/1038/1038
f 1039/1039/1039 1038/1038/1038 1041/1041/1041
f 1041/1041/1041 1038/1038/1038 1040/1040/1040
f 1041/1041/1041 1040/1040/1040 1042/1042/1042
f 1042/1042/1042 1040/1040/1040 1043/1043/1043
f 1047/1047/1047 1044/1044/1044 1046/1046/1046
f 1046/1046/1046 1044/1044/1044 1045/1045/1045
f 1046/1046/1046 1045/1045/1045 1049/1049/1049
f 1049/1049/1049 1045/1045/1045 1048/1048/1048
f 1049/1049/1049 1048/1048/1048 1051/1051/1051
f 1051/1051/1051 1048/1048/1048 1050/1050/1050
f 1051/1051/1051 1050/1050/1050 1053/1053/1053
f 1053/1053/1053 1050/1050/1050 1052/1052/1052
f 1053/1053/1053 1052/1052/1052 1055/1055/1055
f 1055/1055/1055 1052/1052/1052 1054/1054/1054
f 1055/1055/1055 1054/1054/1054 1057/1057/1057
f 1057/1057/1057 1054/1054/1054 1056/1056/1056
f 1057/1057/1057 1056/1056/1056 1059/1059/1059
f 1059/1059/1059 1056/1056/1056 1058/1058/1058
f 1059/1059/1059 1058/1058/1058 1061/1061/1061
f 1061/1061/1061 1058/1058/1058 1060/1060/1060
f 1061/1061/1061 1060/1060/1060 1063/1063/1063
f 1063/1063/1063 1060/1060/1060 1062/1062/1062
f 1063/1063/1063 1062/1062/1062 1065/1065/1065
f 1065/1065/1065 1062/1062/1062 1064/1064/1064
f 1065/1065/1065 1064/1064/1064 1067/1067/1067
f 1067/1067/1067 1064/1064/1064 1066/1066/1066
f 1067/1067/1067 1066/1066/1066 1068/1068/1068
f 1068/1068/1068 1066/1066/1066 1069/1069/1069
f 1073/1073/1073 1070/1070/1070 1072/1072/1072
f 1072/1072/1072 1070/1070/1070 1071/1071/1071
f 1072/1072/1072 1071/1071/1071 1075/1075/1075
f 1075/1075/1075 1071/1071/1071 1074/1074/1074
f 1075/1075/1075 1074/1074/1074 1077/1077/1077
f 1077/1077/1077 1074/1074/1074 1076/1076/1076
f 1077/1077/1077 1076/1076/1076 1079/1079/1079
f 1079/1079/1079 1076/1076/1076 1078/1078/1078
f 1079/1079/1079 1078/1078/1078 1081/1081/1081
f 1081/1081/1081 1078/1078/1078 1080/1080/1080
f 1081/1081/1081 1080/1080/1080 1083/1083/1083
f 1083/1083/1083 1080/1080/1080 1082/1082/1082
f 1083/1083/1083 1082/1082/1082 1085/1085/1085
f 1085/1085/1085 1082/1082/1082 1084/1084/1084
f 1085/1085/1085 1084/1084/1084 1087/1087/1087
f 1087/1087/1087 1084/1084/1084 1086/1086/1086
f 1087/1087/1087 1086/1086/1086 1089/1089/1089
f 1089/1089/1089 1086/1086/1086 1088/1088/1088
f 1089/1089/1089 1088/1088/1088 1091/1091/1091
f 1091/1091/1091 1088/1088/1088 1090/1090/1090
f 1091/1091/1091 1090/1090/1090 1093/1093/1093
f 1093/1093/1093 1090/1090/1090 1092/1092/1092
f 1093/1093/1093 1092/1092/1092 1094/1094/1094
f 1094/1094/1094 1092/1092/1092 1095/1095/1095
f 1099/1099/1099 1096/1096/1096 1098/1098/1098
f 1098/1098/1098 1096/1096/1096 1097/1097/1097
f 1098/1098/1098 1097/1097/1097 1101/1101/1101
f 1101/1101/1101 1097/1097/1097 1100/1100/1100
f 1101/1101/1101 1100/1100/1100 1103/1103/1103
f 1103/1103/1103 1100/1100/1100 1102/1102/1102
f 1103/1103/1103 1102/1102/1102 1105/1105/1105
f 1105/1105/1105 1102/1102/1102 1104/1104/1104
f 1105/1105/1105 1104/1104/1104 1107/1107/1107
f 1107/1107/1107 1104/1104/1104 1106/1106/1106
f 1107/1107/1107 1106/1106/1106 1109/1109/1109
f 1109/1109/1109 1106/1106/1106 1108/1108/1108
f 1109/1109/1109 1108/1108/1108 1111/1111/1111
f 1111/1111/1111 1108/1108/1108 1110/1110/1110
f 1111/1111/1111 1110/1110/1110 1113/1113/1113
f 1113/1113/1113 1110/1110/1110 1112/1112/1112
f 1113/1113/1113 1112/1112/1112 1115/1115/1115
f 1115/1115/1115 1112/1112/1112 1114/1114/1114
f 1115/1115/1115 1114/1114/1114 1117/1117/1117
f 1117/1117/1117 1114/1114/1114 1116/1116/1116
f 1117/1117/1117 1116/1116/1116 1119/1119/1119
f 1119/1119/1119 1116/1116/1116 1118/1118/1118
f 1119/1119/1119 1118/1118/1118 1120/1120/1120
f 1120/1120/1120 1118/1118/1118 1121/1121/1121
f 1125/1125/1125 1122/1122/1122 1124/1124/1124
f 1124/1124/1124 1122/1122/1122 1123/1123/1123
f 1124/1124/1124 1123/1123/1123 1127/1127/1127
f 1127/1127/1127 1123/1123/1123 1126/1126/1126
f 1127/1127/1127 1126/1126/1126 1129/1129/1129
f 1129/1129/1129 1126/1126/1126 1128/1128/1128
f 1129/1129/1129 1128/1128/1128 1131/1131/1131
f 1131/1131/1131 1128/1128/1128 1130/1130/1130
f 1131/1131/1131 1130/1130/1130 1133/1133/1133
f 1133/1133/1133 1130/1130/1130 1132/1132/1132
f 1133/1133/1133 1132/1132/1132 1135/1135/1135
f 1135/1135/1135 1132/1132/1132 1134/1134/1134
f 1135/1135/1135 1134/1134/1134 1137/1137/1137
f 1137/1137/1137 1134/1134/1134 1136/1136/1136
f 1137/1137/1137 1136/1136/1136 1139/1139/1139
f 1139/1139/1139 1136/1136/1136 1138/1138/1138
f 1139/1139/1139 1138/1138/1138 1141/1141/1141
f 1141/1141/1141 1138/1138/1138 1140/1140/1140
f 1141/1141/1141 1140/1140/1140 1143/1143/1143
f 1143/1143/1143 1140/1140/1140 1142/1142/1142
f 1143/1143/1143 1142/1142/1142 1145/1145/1145
f 1145/1145/1145 1142/1142/1142 1144/1144/1144
f 1145/1145/1145 1144/1144/1144 1146/1146/1146
f 1146/1146/1146 1144/1144/1144 1147/1147/1147
f 1151/1151/1151 1148/1148/1148 1150/1150/1150
f 1150/1150/1150 1148/1148/1148 1149/1149/1149
f 1150/1150/1150 1149/1149/1149 1153/1153/1153
f 1153/1153/1153 1149/1149/1149 1152/1152/1152
f 1153/1153/1153 1152/1152/1152 1155/1155/1155
f 1155/1155/1155 1152/1152/1152 1154/1154/1154
f 1155/1155/1155 1154/1154/1154 1157/1157/1157
f 1157/1157/1157 1154/1154/1154 1156/1156/1156
f 1157/1157/1157 1156/1156/1156 1159/1159/1159
f 1159/1159/1159 1156/1156/1156 1158/1158/1158
f 1159/1159/1159 1158/1158/1158 1161/1161/1161
f 1161/1161/1161 1158/1158/1158 1160/1160/1160
f 1161/1161/1161 1160/1160/1160 1163/1163/1163
f 1163/1163/1163 1160/1160/1160 1162/1162/1162
f 1163/1163/1163 1162/1162/1162 1165/1165/1165
f 1165/1165/1165 1162/1162/1162 1164/1164/1164
f 1165/1165/1165 1164/1164/1164 1167/1167/1167
f 1167/1167/1167 1164/1164/1164 1166/1166/1166
f 1167/1167/1167 1166/1166/1166 1169/1169/1169
f 1169/1169/1169 1166/1166/1166 1168/1168/1168
f 1169/1169/1169 1168/1168/1168 1171/1171/1171
f 1171/1171/1171 1168/1168/1168 1170/1170/1170
f 1171/1171/1171 1170/1170/1170 1172/1172/1172
f 1172/1172/1172 1170/1170/1170 1173/1173/1173
f 1177/1177/1177 1174/1174/1174 1176/1176/1176
f 1176/1176/1176 1174/1174/1174 1175/1175/1175
f 1176/1176/1176 1175/1175/1175 1179/1179/1179
f 1179/1179/1179 1175/1175/1175 1178/1178/1178
f 1179/1179/1179 1178/1178/1178 1181/1181/1181
f 1181/1181/1181 1178/1178/1178 1180/1180/1180
f 1181/1181/1181 1180/1180/1180 1183/1183/1183
f 1183/1183/1183 1180/1180/1180 1182/1182/1182
f 1183/1183/1183 1182/1182/1182 1185/1185/1185
f 1185/1185/1185 1182/1182/1182 1184/1184/1184
f 1185/1185/1185 1184/1184/1184 1187/1187/1187
f 1187/1187/1187 1184/1184/1184 1186/1186/1186
f 1187/1187/1187 1186/1186/1186 1189/1189/1189
f 1189/1189/1189 1186/1186/1186 1188/1188/1188
f 1189/1189/1189 1188/1188/1188 1191/1191/1191
f 1191/1191/1191 1188/1188/1188 1190/1190/1190
f 1191/1191/1191 1190/1190/1190 1193/1193/1193
f 1193/1193/1193 1190/1190/1190 1192/1192/1192
f 1193/1193/1193 1192/1192/1192 1195/1195/1195
f 1195/1195/1195 1192/1192/1192 1194/1194/1194
f 1195/1195/1195 1194/1194/1194 1197/1197/1197
f 1197/1197/1197 1194/1194/1194 1196/1196/1196
f 1197/1197/1197 1196/1196/1196 1198/1198/1198
f 1198/1198/1198 1196/1196/1196 1199/1199/1199
f 1203/1203/1203 1200/1200/1200 1202/1202/1202
f 1202/1202/1202 1200/1200/1200 1201/1201/1201
f 1202/1202/1202 1201/1201/1201 1205/1205/1205
f 1205/1205/1205 1201/1201/1201 1204/1204/1204
f 1205/1205/1205 1204/1204/1204 1207/1207/1207
f 1207/1207/1207 1204/1204/1204 1206/1206/1206
f 1207/1207/1207 1206/1206/1206 1209/1209/1209
f 1209/1209/1209 1206/1206/1206 1208/1208/1208
f 1209/1209/1209 1208/1208/1208 1211/1211/1211
f 1211/1211/1211 1208/1208/1208 1210/1210/1210
f 1211/1211/1211 1210/1210/1210 1213/1213/1213
f 1213/1213/1213 1210/1210/1210 1212/1212/1212
f 1213/1213/1213 1212/1212/1212 1215/1215/1215
f 1215/1215/1215 1212/1212/1212 1214/1214/1214
f 1215/1215/1215 1214/1214/1214 1217/1217/1217
f 1217/1217/1217 1214/1214/1214 1216/1216/1216
f 1217/1217/1217 1216/1216/1216 1219/1219/1219
f 1219/1219/1219 1216/1216/1216 1218/1218/1218
f 1219/1219/1219 1218/1218/1218 1221/1221/1221
f 1221/1221/1221 1218/1218/1218 1220/1220/1220
f 1221/1221/1221 1220/1220/1220 1223/1223/1223
f 1223/1223/1223 1220/1220/1220 1222/1222/1222
f 1223/1223/1223 1222/1222/1222 1224/1224/1224
f 1224/1224/1224 1222/1222/1222 1225/1225/1225
f 1229/1229/1229 1226/1226/1226 1228/1228/1228
f 1228/1228/1228 1226/1226/1226 1227/1227/1227
f 1228/1228/1228 1227/1227/1227 1231/1231/1231
f 1231/1231/1231 1227/1227/1227 1230/1230/1230
f 1231/1231/1231 1230/1230/1230 1233/1233/1233
f 1233/1233/1233 1230/1230/1230 1232/1232/1232
f 1233/1233/1233 1232/1232/1232 1235/1235/1235
f 1235/1235/1235 1232/1232/1232 1234/1234/1234
f 1235/1235/1235 1234/1234/1234 1237/1237/1237
f 1237/1237/1237 1234/1234/1234 1236/1236/1236
f 1237/1237/1237 1236/1236/1236 1239/1239/1239
f 1239/1239/1239 1236/1236/1236 1238/1238/1238
f 1239/1239/1239 1238/1238/1238 1241/1241/1241
f 1241/1241/1241 1238/1238/1238 1240/1240/1240
f 1241/1241/1241 1240/1240/1240 1243/1243/1243
f 1243/1243/1243 1240/1240/1240 1242/1242/1242
f 1243/1243/1243 1242/1242/1242 1245/1245/1245
f 1245/1245/1245 1242/1242/1242 1244/1244/1244
f 1245/1245/1245 1244/1244/1244 1247/1247/1247
f 1247/1247/1247 1244/1244/1244 1246/1246/1246
f 1247/1247/1247 1246/1246/1246 1249/1249/1249
f 1249/1249/1249 1246/1246/1246 1248/1248/1248
f 1249/1249/1249 1248/1248/1248 1250/1250/1250
f 1250/1250/1250 1248/1248/1248 1251/1251/1251
f 1255/1255/1255 1252/1252/1252 1254/1254/1254
f 1254/1254/1254 1252/1252/1252 1253/1253/1253
f 1254/1254/1254 1253/1253/1253 1257/1257/1257
f 1257/1257/1257 1253/1253/1253 1256/1256/1256
f 1257/1257/1257 1256/1256/1256 1259/1259/1259
f 1259/1259/1259 1256/1256/1256 1258/1258/1258
f 1259/1259/1259 1258/1258/1258 1261/1261/1261
f 1261/1261/1261 1258/1258/1258 1260/1260/1260
f 1261/1261/1261 1260/1260/1260 1263/1263/1263
f 1263/1263/1263 1260/1260/1260 1262/1262/1262
f 1263/1263/1263 1262/1262/1262 1265/1265/1265
f 1265/1265/1265 1262/1262/1262 1264/1264/1264
f 1265/1265/1265 1264/1264/1264 1267/1267/1267
f 1267/1267/1267 1264/1264/1264 1266/1266/1266
f 1267/1267/1267 1266/1266/1266 1269/1269/1269
f 1269/1269/1269 1266/1266/1266 1268/1268/1268
f 1269/1269/1269 1268/1268/1268 1271/1271/1271
f 1271/1271/1271 1268/1268/1268 1270/1270/1270
f 1271/1271/1271 1270/1270/1270 1273/1273/1273
f 1273/1273/1273 1270/1270/1270 1272/1272/1272
f 1273/1273/1273 1272/1272/1272 1275/1275/1275
f 1275/1275/1275 1272/1272/1272 1274/1274/1274
f 1275/1275/1275 1274/1274/1274 1276/1276/1276
f 1276/1276/1276 1274/1274/1274 1277/1277/1277
f 1281/1281/1281 1278/1278/1278 1280/1280/1280
f 1280/1280/1280 1278/1278/1278 1279/1279/1279
f 1280/1280/1280 1279/1279/1279 1283/1283/1283
f 1283/1283/1283 1279/1279/1279 1282/1282/1282
f 1283/1283/1283 1282/1282/1282 1285/1285/1285
f 1285/1285/1285 1282/1282/1282 1284/1284/1284
f 1285/1285/1285 1284/1284/1284 1287/1287/1287
f 1287/1287/1287 1284/1284/1284 1286/1286/1286
f 1287/1287/1287 1286/1286/1286 1289/1289/1289
f 1289/1289/1289 1286/1286/1286 1288/1288/1288
f 1289/1289/1289 1288/1288/1288 1291/1291/1291
f 1291/1291/1291 1288/1288/1288 1290/1290/1290
f 1291/1291/1291 1290/1290/1290 1293/1293/1293
f 1293/1293/1293 1290/1290/1290 1292/1292/1292
f 1293/1293/1293 1292/1292/1292 1295/1295/1295
f 1295/1295/1295 1292/1292/1292 1294/1294/1294
f 1295/1295/1295 1294/1294/1294 1297/1297/1297
f 1297/1297/1297 1294/1294/1294 1296/1296/1296
f 1297/1297/1297 1296/1296/1296 1299/1299/1299
f 1299/1299/1299 1296/1296/1296 1298/1298/1298
f 1299/1299/1299 1298/1298/1298 1301/1301/1301
f 1301/1301/1301 1298/1298/1298 1300/1300/1300
f 1301/1301/1301 1300/1300/1300 1302/1302/1302
f 1302/1302/1302 1300/1300/1300 1303/1303/1303
f 1307/1307/1307 1304/1304/1304 1306/1306/1306
f 1306/1306/1306 1304/1304/1304 1305/1305/1305
f 1306/1306/1306 1305/1305/1305 1309/1309/1309
f 1309/1309/1309 1305/1305/1305 1308/1308/1308
f 1309/1309/1309 1308/1308/1308 1311/1311/1311
f 1311/1311/1311 1308/1308/1308 1310/1310/1310
f 1311/1311/1311 1310/1310/1310 1313/1313/1313
f 1313/1313/1313 1310/1310/1310 1312/1312/1312
f 1313/1313/1313 1312/1312/1312 1315/1315/1315
f 1315/1315/1315 1312/1312/1312 1314/1314/1314
f 1315/1315/1315 1314/1314/1314 1317/1317/1317
f 1317/1317/1317 1314/1314/1314 1316/1316/1316
f 1317/1317/1317 1316/1316/1316 1319/1319/1319
f 1319/1319/1319 1316/1316/1316 1318/1318/1318
f 1319/1319/1319 1318/1318/1318 1321/1321/1321
f 1321/1321/1321 1318/1318/1318 1320/1320/1320
f 1321/1321/1321 1320/1320/1320 1323/1323/1323
f 1323/1323/1323 1320/1320/1320 1322/1322/1322
f 1323/1323/1323 1322/1322/1322 1325/1325/1325
f 1325/1325/1325 1322/1322/1322 1324/1324/1324
f 1325/1325/1325 1324/1324/1324 1327/1327/1327
f 1327/1327/1327 1324/1324/1324 1326/1326/1326
f 1327/1327/1327 1326/1326/1326 1328/1328/1328
f 1328/1328/1328 1326/1326/1326 1329/1329/1329
f 1333/1333/1333 1330/1330/1330 1332/1332/1332
f 1332/1332/1332 1330/1330/1330 1331/1331/1331
f 1332/1332/1332 1331/1331/1331 1335/1335/1335
f 1335/1335/1335 1331/1331/1331 1334/1334/1334
f 1335/1335/1335 1334/1334/1334 1337/1337/1337
f 1337/1337/1337 1334/1334/1334 1336/1336/1336
f 1337/1337/1337 1336/1336/1336 1339/1339/1339
f 1339/1339/1339 1336/1336/1336 1338/1338/1338
f 1339/1339/1339 1338/1338/1338 1341/1341/1341
f 1341/1341/1341 1338/1338/1338 1340/1340/1340
f 1341/1341/1341 1340/1340/1340 1343/1343/1343
f 1343/1343/1343 1340/1340/1340 1342/1342/1342
f 1343/1343/1343 1342/1342/1342 1345/1345/1345
f 1345/1345/1345 1342/1342/1342 1344/1344/1344
f 1345/1345/1345 1344/1344/1344 1347/1347/1347
f 1347/1347/1347 1344/1344/1344 1346/1346/1346
f 1347/1347/1347 1346/1346/1346 1349/1349/1349
f 1349/1349/1349 1346/1346/1346 1348/1348/1348
f 1349/1349/1349 1348/1348/1348 1351/1351/1351
f 1351/1351/1351 1348/1348/1348 1350/1350/1350
f 1351/1351/1351 1350/1350/1350 1353/1353/1353
f 1353/1353/1353 1350/1350/1350 1352/1352/1352
f 1353/1353/1353 1352/1352/1352 1354/1354/1354
f 1354/1354/1354 1352/1352/1352 1355/1355/1355
f 1359/1359/1359 1356/1356/1356 1358/1358/1358
f 1358/1358/1358 1356/1356/1356 1357/1357/1357
f 1358/1358/1358 1357/1357/1357 1361/1361/1361
f 1361/1361/1361 1357/1357/1357 1360/1360/1360
f 1361/1361/1361 1360/1360/1360 1363/1363/1363
f 1363/1363/1363 1360/1360/1360 1362/1362/1362
f 1363/1363/1363 1362/1362/1362 1365/1365/1365
f 1365/1365/1365 1362/1362/1362 1364/1364/1364
f 1365/1365/1365 1364/1364/1364 1367/1367/1367
f 1367/1367/1367 1364/1364/1364 1366/1366/1366
f 1367/1367/1367 1366/1366/1366 1369/1369/1369
f 1369/1369/1369 1366/1366/1366 1368/1368/1368
f 1369/1369/1369 1368/1368/1368 1371/1371/1371
f 1371/1371/1371 1368/1368/1368 1370/1370/1370
f 1371/1371/1371 1370/1370/1370 1373/1373/1373
f 1373/1373/1373 1370/1370/1370 1372/1372/1372
f 1373/1373/1373 1372/1372/1372 1375/1375/1375
f 1375/1375/1375 1372/1372/1372 1374/1374/1374
f 1375/1375/1375 1374/1374/1374 1377/1377/1377
f 1377/1377/1377 1374/1374/1374 1376/1376/1376
f 1377/1377/1377 1376/1376/1376 1379/1379/1379
f 1379/1379/1379 1376/1376/1376 1378/1378/1378
f 1379/1379/1379 1378/1378/1378 1380/1380/1380
f 1380/1380/1380 1378/1378/1378 1381/1381/1381
f 1385/1385/1385 1382/1382/1382 1384/1384/1384
f 1384/1384/1384 1382/1382/1382 1383/1383/1383
f 1384/1384/1384 1383/1383/1383 1387/1387/1387
f 1387/1387/1387 1383/1383/1383 1386/1386/1386
f 1387/1387/1387 1386/1386/1386 1389/1389/1389
f 1389/1389/1389 1386/1386/1386 1388/1388/1388
f 1389/1389/1389 1388/1388/1388 1391/1391/1391
f 1391/1391/1391 1388/1388/1388 1390/1390/1390
f 1391/1391/1391 1390/1390/1390 1393/1393/1393
f 1393/1393/1393 1390/1390/1390 1392/1392/1392
f 1393/1393/1393 1392/1392/1392 1395/1395/1395
f 1395/1395/1395 1392/1392/1392 1394/1394/1394
f 1395/1395/1395 1394/1394/1394 1397/1397/1397
f 1397/1397/1397 1394/1394/1394 1396/1396/1396
f 1397/1397/1397 1396/1396/1396 1399/1399/1399
f 1399/1399/1399 1396/1396/1396 1398/1398/1398
f 1399/1399/1399 1398/1398/1398 1401/1401/1401
f 1401/1401/1401 1398/1398/1398 1400/1400/1400
f 1401/1401/1401 1400/1400/1400 1403/1403/1403
f 1403/1403/1403 1400/1400/1400 1402/1402/1402
f 1403/1403/1403 1402/1402/1402 1405/1405/1405
f 1405/1405/1405 1402/1402/1402 1404/1404/1404
f 1405/1405/1405 1404/1404/1404 1406/1406/1406
f 1406/1406/1406 1404/1404/1404 1407/1407/1407
f 1427/1427/1427 1426/1426/1426 1409/1409/1409
f 1409/1409/1409 1426/1426/1426 1408/1408/1408
f 1441/1441/1441 1440/1440/1440 1411/1411/1411
f 1411/1411/1411 1440/1440/1440 1410/1410/1410
f 1411/1411/1411 1410/1410/1410 1438/1438/1438
f 1438/1438/1438 1410/1410/1410 1412/1412/1412
f 1438/1438/1438 1412/1412/1412 1435/1435/1435
f 1435/1435/1435 1412/1412/1412 1413/1413/1413
f 1435/1435/1435 1413/1413/1413 1414/1414/1414
f 1414/1414/1414 1413/1413/1413 1415/1415/1415
f 1414/1414/1414 1415/1415/1415 1417/1417/1417
f 1417/1417/1417 1415/1415/1415 1416/1416/1416
f 1417/1417/1417 1416/1416/1416 1419/1419/1419
f 1419/1419/1419 1416/1416/1416 1418/1418/1418
f 1443/1443/1443 1442/1442/1442 1432/1432/1432
f 1432/1432/1432 1442/1442/1442 1420/1420/1420
f 1444/1444/1444 1420/1420/1420 1437/1437/1437
f 1437/1437/1437 1420/1420/1420 1421/1421/1421
f 1437/1437/1437 1421/1421/1421 1423/1423/1423
f 1423/1423/1423 1421/1421/1421 1422/1422/1422
f 1423/1423/1423 1422/1422/1422 1424/1424/1424
f 1424/1424/1424 1422/1422/1422 1425/1425/1425
f 1424/1424/1424 1425/1425/1425 1445/1445/1445
f 1445/1445/1445 1425/1425/1425 1446/1446/1446
f 1428/1428/1428 1429/1429/1429 1447/1447/1447
f 1448/1448/1448 1447/1447/1447 1429/1429/1429
f 1430/1430/1430 1431/1431/1431 1449/1449/1449
f 1450/1450/1450 1449/1449/1449 1431/1431/1431
f 1434/1434/1434 1433/1433/1433 1451/1451/1451
f 1453/1453/1453 1452/1452/1452 1454/1454/1454
f 1436/1436/1436 1455/1455/1455 1456/1456/1456
f 1458/1458/1458 1457/1457/1457 1459/1459/1459
f 1460/1460/1460 1439/1439/1439 1461/1461/1461
f 1461/1461/1461 1439/1439/1439 1462/1462/1462
